sport,height_cm,weight_kg,bmi,position,Player,height,weight,Wingspan,Hand Length,Hand Width,source_file,processed_date,Sex,Arm Span,Leg Length,Torso Length,Spike Reach,Block Reach,height_weight_ratio,weight_height_ratio,arm_span,arm_span_ratio,leg_length,leg_length_ratio,torso_length,torso_length_ratio,size_category,build_category,proportions_category,weighted_height_cm,weighted_weight_kg,weighted_bmi,weighted_height_weight_ratio,weighted_weight_height_ratio,weighted_arm_span_ratio,weighted_leg_length_ratio,weighted_torso_length_ratio,weighted_size_category,weighted_build_category,weighted_proportions_category,cluster
basketball,205.74,99.9716768,23.61780352885504,Center,Izan Almansa,"6'9.25""",220.4 lbs,"7'1.75""",9.25,9.5,basketball.csv,2025-09-13T21:48:26.820026,,,,,,,2.05798288660894,0.4859126898026635,,,,,,,4.0,3.0,1.0,205.74,99.9716768,35.42670529328256,4.11596577321788,0.7288690347039952,,,,4.0,3.0,1.0,0
basketball,198.12,99.0644928,25.23837457931326,PG-SG,Adou Thiero,"6'6.25""",218.4 lbs,"7'0.00""",9.0,10.25,basketball.csv,2025-09-13T21:48:26.820026,,,,,,,1.999909295452427,0.5000226771653543,,,,,,,4.0,4.0,1.0,198.12,99.0644928,37.85756186896989,3.999818590904854,0.7500340157480314,,,,4.0,4.0,1.0,0
basketball,193.04,86.3639168,23.17595892809514,PG-SG,Tre Johnson,"6'4.75""",190.4 lbs,"6'10.25""",8.5,8.0,basketball.csv,2025-09-13T21:48:26.820026,,,,,,,2.2351927419762414,0.44738871114794865,,,,,,,3.0,2.0,2.0,193.04,86.3639168,34.76393839214271,4.470385483952483,0.671083066721923,,,,3.0,2.0,2.0,0
basketball,193.04,98.7016192,26.486810203537306,Shooting Guard,Sion James,"6'4.50""",217.6 lbs,"6'6.50""",8.25,9.25,basketball.csv,2025-09-13T21:48:26.820026,,,,,,,1.9557936492292114,0.5113013841690841,,,,,,,3.0,4.0,1.0,193.04,98.7016192,39.73021530530596,3.911587298458423,0.7669520762536262,,,,3.0,4.0,1.0,0
basketball,193.04,93.0770784,24.977451533850438,PG-SG,Kasparas Jakucionis,"6'4.75""",205.2 lbs,"6'7.75""",8.5,9.75,basketball.csv,2025-09-13T21:48:26.820026,,,,,,,2.0739800100988126,0.48216472440944885,,,,,,,3.0,4.0,1.0,193.04,93.0770784,37.466177300775655,4.147960020197625,0.7232470866141733,,,,3.0,4.0,1.0,0
basketball,195.58,87.7246928,22.93363902632679,Shooting Guard,Ben Henshall,"6'5.50""",193.4 lbs,"6'6.50""",8.0,8.0,basketball.csv,2025-09-13T21:48:26.820026,,,,,,,2.229474891931454,0.4485361120768995,,,,,,,4.0,2.0,2.0,195.58,87.7246928,34.40045853949019,4.458949783862908,0.6728041681153492,,,,4.0,2.0,2.0,0
basketball,187.96,85.9103248,24.317251600171566,Shooting Guard,PJ Haggerty,"6'2.25""",189.4 lbs,"6'6.50""",8.5,9.5,basketball.csv,2025-09-13T21:48:26.820026,,,,,,,2.187862756165485,0.4570670610768248,,,,,,,3.0,3.0,2.0,187.96,85.9103248,36.475877400257346,4.37572551233097,0.6856005916152372,,,,3.0,3.0,2.0,0
basketball,198.12,101.0149384,25.735283968924282,Small Forward,Hugo González,"6'6.25""",222.7 lbs,"6'10.75""",10.25,9.0,basketball.csv,2025-09-13T21:48:26.820026,,,,,,,1.961294073313022,0.5098674459923279,,,,,,,4.0,4.0,1.0,198.12,101.0149384,38.602925953386425,3.922588146626044,0.7648011689884919,,,,4.0,4.0,1.0,0
basketball,213.36,114.9402128,25.249105180750043,Center,Vladislav Goldin,"7'0.00""",253.4 lbs,"7'5.25""",9.5,11.75,basketball.csv,2025-09-13T21:48:26.820026,,,,,,,1.85626940130391,0.5387149081364829,,,,,,,4.0,4.0,1.0,213.36,114.9402128,37.87365777112507,3.71253880260782,0.8080723622047243,,,,4.0,4.0,1.0,0
basketball,203.2,105.4147808,25.53019328538657,SF-PF,Rasheer Fleming,"6'8.25""",232.4 lbs,"7'5.25""",9.5,9.5,basketball.csv,2025-09-13T21:48:26.820026,,,,,,,1.9276234173035436,0.5187735275590551,,,,,,,4.0,4.0,1.0,203.2,105.4147808,38.29528992807985,3.855246834607087,0.7781602913385828,,,,4.0,4.0,1.0,0
basketball,187.96,78.1992608,22.134604941233256,Point Guard,Boogie Fland,"6'2.00""",172.4 lbs,"6'6.00""",8.5,9.0,basketball.csv,2025-09-13T21:48:26.820026,,,,,,,2.4036032831655616,0.4160420344754203,,,,,,,3.0,2.0,3.0,187.96,78.1992608,33.20190741184989,4.807206566331123,0.6240630517131305,,,,3.0,2.0,3.0,0
basketball,200.66,100.243832,24.8963708310368,SF-PF,Cooper Flagg,"6'7.75""",221.0 lbs,"7'0.00""",8.75,9.75,basketball.csv,2025-09-13T21:48:26.820026,,,,,,,2.0017191681179947,0.49957057709558456,,,,,,,4.0,4.0,1.0,200.66,100.243832,37.3445562465552,4.003438336235989,0.7493558656433769,,,,4.0,4.0,1.0,0
basketball,187.96,81.4651232,23.059019996783597,PG-SG,Jeremiah Fears,"6'2.50""",179.6 lbs,"6'5.25""",8.25,9.25,basketball.csv,2025-09-13T21:48:26.820026,,,,,,,2.307245022370506,0.43341733985954456,,,,,,,3.0,2.0,3.0,187.96,81.4651232,34.58852999517539,4.614490044741012,0.6501260097893169,,,,3.0,2.0,3.0,0
basketball,208.28,92.532768,21.33046954969579,Power Forward,Noa Essengue,"6'10.00""",204.0 lbs,"7'1.00""",8.97,10.62,basketball.csv,2025-09-13T21:48:26.820026,,,,,,,2.2508783050778294,0.444271019781064,,,,,,,4.0,1.0,2.0,208.28,92.532768,31.99570432454368,4.501756610155659,0.666406529671596,,,,4.0,1.0,2.0,0
basketball,193.04,87.6339744,23.516781853508306,PG-SG,VJ Edgecombe,"6'4.00""",193.2 lbs,"6'7.50""",8.5,9.5,basketball.csv,2025-09-13T21:48:26.820026,,,,,,,2.202798644266441,0.45396795690012437,,,,,,,3.0,3.0,2.0,193.04,87.6339744,35.27517278026246,4.405597288532882,0.6809519353501865,,,,3.0,3.0,2.0,0
basketball,193.04,96.7058144,25.95123132074519,PG-SG,Dylan Harper,"6'4.50""",213.2 lbs,"6'10.50""",9.25,9.25,basketball.csv,2025-09-13T21:48:26.820026,,,,,,,1.9961571204140545,0.5009625694156651,,,,,,,3.0,4.0,1.0,193.04,96.7058144,38.926846981117784,3.992314240828109,0.7514438541234976,,,,3.0,4.0,1.0,0
basketball,203.2,90.3555264,21.88302281604563,PG-SG,Egor Demin,"6'8.25""",199.2 lbs,"6'10.25""",8.25,9.25,basketball.csv,2025-09-13T21:48:26.820026,,,,,,,2.248893986854134,0.4446630236220473,,,,,,,4.0,1.0,2.0,203.2,90.3555264,32.824534224068444,4.497787973708268,0.666994535433071,,,,4.0,1.0,2.0,0
basketball,195.58,96.615096,25.257834087940054,PG-SG,Cedric Coward,"6'5.25""",213.0 lbs,"7'2.25""",9.25,10.0,basketball.csv,2025-09-13T21:48:26.820026,,,,,,,2.0243213338006725,0.49399271909193165,,,,,,,4.0,4.0,1.0,195.58,96.615096,37.88675113191008,4.048642667601345,0.7409890786378974,,,,4.0,4.0,1.0,0
basketball,210.82,100.6067056,22.63618893328656,SF-PF,Alex Condon,"6'11.25""",221.8 lbs,"7'0.75""",9.25,9.75,basketball.csv,2025-09-13T21:48:26.820026,,,,,,,2.0954865656589,0.4772161350915473,,,,,,,4.0,2.0,1.0,210.82,100.6067056,33.95428339992984,4.1909731313178,0.7158242026373209,,,,4.0,2.0,1.0,0
basketball,195.58,91.625584,23.953438900299957,PG-SG,Nique Clifford,"6'5.25""",202.0 lbs,"6'8.00""",8.25,8.5,basketball.csv,2025-09-13T21:48:26.820026,,,,,,,2.1345566539581347,0.46848135801206664,,,,,,,4.0,3.0,2.0,195.58,91.625584,35.930158350449936,4.269113307916269,0.7027220370181,,,,4.0,3.0,2.0,0
basketball,187.96,90.264808,25.54980500757203,PG-SG,Walter Clayton Jr.,"6'2.00""",199.0 lbs,"6'4.00""",8.25,9.75,basketball.csv,2025-09-13T21:48:26.820026,,,,,,,2.082317618179612,0.48023413492232386,,,,,,,3.0,4.0,1.0,187.96,90.264808,38.32470751135804,4.164635236359224,0.7203512023834858,,,,3.0,4.0,1.0,0
basketball,193.04,82.46302560000001,22.129145657183283,Shooting Guard,Miles Byrd,"6'4.75""",181.8 lbs,"6'10.00""",8.75,9.25,basketball.csv,2025-09-13T21:48:26.820026,,,,,,,2.340927932190739,0.4271810277662661,,,,,,,3.0,2.0,3.0,193.04,82.46302560000001,33.19371848577492,4.681855864381478,0.6407715416493991,,,,3.0,2.0,3.0,0
basketball,198.12,97.4315616,24.822357415917985,SF-PF,Carter Bryant,"6'6.50""",214.8 lbs,"6'11.75""",8.5,9.5,basketball.csv,2025-09-13T21:48:26.820026,,,,,,,2.0334273283371043,0.49178054512416713,,,,,,,4.0,3.0,1.0,198.12,97.4315616,37.23353612387697,4.0668546566742085,0.7376708176862508,,,,4.0,3.0,1.0,0
basketball,205.74,113.1258448,26.725409256335965,SF-PF,Johni Broome,"6'9.25""",249.4 lbs,"7'0.25""",9.25,10.25,basketball.csv,2025-09-13T21:48:26.820026,,,,,,,1.818682550956738,0.5498485700398561,,,,,,,4.0,4.0,1.0,205.74,113.1258448,40.08811388450395,3.637365101913476,0.8247728550597841,,,,4.0,4.0,1.0,0
basketball,195.58,91.5348656,23.929722624161048,Shooting Guard,Koby Brea,"6'5.75""",201.8 lbs,"6'5.25""",8.5,9.25,basketball.csv,2025-09-13T21:48:26.820026,,,,,,,2.136672170959084,0.46801751508334183,,,,,,,4.0,3.0,2.0,195.58,91.5348656,35.894583936241574,4.273344341918168,0.7020262726250127,,,,4.0,3.0,2.0,0
basketball,210.82,106.5034016,23.962926787807415,Center,Joan Beringer,"6'11.00""",234.8 lbs,"7'4.50""",9.75,10.0,basketball.csv,2025-09-13T21:48:26.820026,,,,,,,1.9794672924324699,0.505186422540556,,,,,,,4.0,3.0,1.0,210.82,106.5034016,35.94439018171112,3.9589345848649398,0.757779633810834,,,,4.0,3.0,1.0,0
basketball,190.5,86.8175088,23.923094715522765,Shooting Guard,Tamar Bates,"6'3.75""",191.4 lbs,"6'10.25""",9.75,9.0,basketball.csv,2025-09-13T21:48:26.820026,,,,,,,2.1942578476750763,0.45573495433070865,,,,,,,3.0,3.0,2.0,190.5,86.8175088,35.88464207328415,4.3885156953501525,0.6836024314960629,,,,3.0,3.0,2.0,0
basketball,200.66,91.9884576,22.846081468480833,SF-PF,Ace Bailey,"6'7.50""",202.8 lbs,"7'0.50""",8.5,9.0,basketball.csv,2025-09-13T21:48:26.820026,,,,,,,2.1813606319234555,0.45842947074653645,,,,,,,4.0,2.0,2.0,200.66,91.9884576,34.26912220272125,4.362721263846911,0.6876442061198047,,,,4.0,2.0,2.0,0
basketball,200.66,89.7204976,22.282815160086333,Small Forward,Neoklis Avdalas,"6'7.50""",197.8 lbs,"6'9.00""",8.25,9.75,basketball.csv,2025-09-13T21:48:26.820026,,,,,,,2.2365011939033206,0.44712696900229243,,,,,,,4.0,2.0,2.0,200.66,89.7204976,33.4242227401295,4.473002387806641,0.6706904535034386,,,,4.0,2.0,2.0,0
basketball,200.66,117.2988912,29.132133470163428,Power Forward,Eric Dixon,"6'7.50""",258.6 lbs,"6'11.50""",8.75,10.0,basketball.csv,2025-09-13T21:48:26.820026,,,,,,,1.7106726069376519,0.5845653902122995,,,,,,,4.0,4.0,1.0,200.66,117.2988912,43.69820020524514,3.4213452138753038,0.8768480853184493,,,,4.0,4.0,1.0,0
basketball_test_missing,208.28,99.79024,23.003447553593496,PF,Test Player 5,"6'10.00""",220.0 lbs,,8.802121212121213,10.0,basketball_test_missing.csv,2025-09-13T21:48:26.823027,,,,,,,2.0871780647085325,0.4791158056462454,,,,,,,4.0,2.0,1.0,208.28,99.79024,34.50517133039024,4.174356129417065,0.7186737084693681,,,,4.0,2.0,1.0,0
basketball_test_missing,203.2,,,SF,Test Player 3,"6'8.00""",,"6'11.00""",9.0,9.511212121212122,basketball_test_missing.csv,2025-09-13T21:48:26.823027,,,,,,,,,,,,,,,4.0,,,203.2,,,,,,,,4.0,,,0
basketball_test_missing,187.96,81.64656,23.110376388758617,PG,Test Player 1,"6'2.00""",180.0 lbs,,8.25,9.511212121212122,basketball_test_missing.csv,2025-09-13T21:48:26.823027,,,,,,,2.3021178112096825,0.434382634603107,,,,,,,3.0,2.0,3.0,187.96,81.64656,34.66556458313792,4.604235622419365,0.6515739519046605,,,,3.0,2.0,3.0,0
basketball_test_missing,,113.398,,C,Test Player 2,,250.0 lbs,"7'2.00""",8.802121212121213,9.5,basketball_test_missing.csv,2025-09-13T21:48:26.823027,,,,,,,,,,,,,,,,,,,113.398,,,,,,,,,,0
distance_running,165.0,52.0,19.100091827364558,DISTANCE RUNNER,Ruth Chepngetich 2,165 cm,52 kg,,8.802121212121213,9.511212121212122,distance_running.csv,2025-09-13T21:48:26.825280,F,,,,,,3.173076923076923,0.3151515151515151,,,,,,,1.0,1.0,4.0,165.0,52.0,28.650137741046837,6.346153846153846,0.47272727272727266,,,,1.0,1.0,4.0,1
distance_running,170.0,54.0,18.68512110726644,DISTANCE RUNNER,Paula Radcliffe 2,170 cm,54 kg,,8.802121212121213,9.511212121212122,distance_running.csv,2025-09-13T21:48:26.825280,F,,,,,,3.1481481481481484,0.3176470588235294,,,,,,,1.0,1.0,4.0,170.0,54.0,28.02768166089966,6.296296296296297,0.4764705882352941,,,,1.0,1.0,4.0,1
distance_running,170.0,57.0,19.723183391003463,DISTANCE RUNNER,Geoffrey Kamworor,170 cm,57 kg,,8.802121212121213,9.511212121212122,distance_running.csv,2025-09-13T21:48:26.825280,M,,,,,,2.982456140350877,0.3352941176470588,,,,,,,1.0,1.0,4.0,170.0,57.0,29.584775086505196,5.964912280701754,0.5029411764705882,,,,1.0,1.0,4.0,1
distance_running,170.0,62.0,21.453287197231838,DISTANCE RUNNER,Bernard Lagat,170 cm,62 kg,,8.802121212121213,9.511212121212122,distance_running.csv,2025-09-13T21:48:26.825280,M,,,,,,2.7419354838709675,0.36470588235294116,,,,,,,1.0,1.0,4.0,170.0,62.0,32.17993079584775,5.483870967741935,0.5470588235294117,,,,1.0,1.0,4.0,1
distance_running,168.0,,,DISTANCE RUNNER,Abel Kirui,168 cm,,,8.802121212121213,9.511212121212122,distance_running.csv,2025-09-13T21:48:26.825280,M,,,,,,,,,,,,,,1.0,,,168.0,,,,,,,,1.0,,,0
distance_running,157.0,47.0,19.067710657633167,DISTANCE RUNNER,Yuki Kawauchi,157 cm,47 kg,,8.802121212121213,9.511212121212122,distance_running.csv,2025-09-13T21:48:26.825280,M,,,,,,3.3404255319148937,0.29936305732484075,,,,,,,1.0,1.0,4.0,157.0,47.0,28.60156598644975,6.680851063829787,0.44904458598726116,,,,1.0,1.0,4.0,1
distance_running,164.0,48.0,17.846519928613922,DISTANCE RUNNER,Catherine Ndereba,164 cm,48 kg,,8.802121212121213,9.511212121212122,distance_running.csv,2025-09-13T21:48:26.825280,F,,,,,,3.4166666666666665,0.2926829268292683,,,,,,,1.0,1.0,4.0,164.0,48.0,26.769779892920884,6.833333333333333,0.4390243902439024,,,,1.0,1.0,4.0,1
distance_running,157.0,47.0,19.067710657633167,DISTANCE RUNNER,Deena Kastor,157 cm,47 kg,,8.802121212121213,9.511212121212122,distance_running.csv,2025-09-13T21:48:26.825280,F,,,,,,3.3404255319148937,0.29936305732484075,,,,,,,1.0,1.0,4.0,157.0,47.0,28.60156598644975,6.680851063829787,0.44904458598726116,,,,1.0,1.0,4.0,1
distance_running,178.0,63.0,19.883853048857468,DISTANCE RUNNER,Galen Rupp,178 cm,63 kg,,8.802121212121213,9.511212121212122,distance_running.csv,2025-09-13T21:48:26.825280,M,,,,,,2.8253968253968256,0.3539325842696629,,,,,,,2.0,1.0,4.0,178.0,63.0,29.8257795732862,5.650793650793651,0.5308988764044944,,,,2.0,1.0,4.0,1
distance_running,165.0,52.0,19.100091827364558,DISTANCE RUNNER,Ruth Chepngetich,165 cm,52 kg,,8.802121212121213,9.511212121212122,distance_running.csv,2025-09-13T21:48:26.825280,F,,,,,,3.173076923076923,0.3151515151515151,,,,,,,1.0,1.0,4.0,165.0,52.0,28.650137741046837,6.346153846153846,0.47272727272727266,,,,1.0,1.0,4.0,1
distance_running,158.0,47.0,18.82711103989745,DISTANCE RUNNER,Mary Keitany,158 cm,47 kg,,8.802121212121213,9.511212121212122,distance_running.csv,2025-09-13T21:48:26.825280,F,,,,,,3.3617021276595747,0.2974683544303797,,,,,,,1.0,1.0,4.0,158.0,47.0,28.240666559846176,6.723404255319149,0.44620253164556956,,,,1.0,1.0,4.0,1
distance_running,160.0,50.0,19.531249999999996,DISTANCE RUNNER,Kiplimo Jacob,160 cm,50 kg,,8.802121212121213,9.511212121212122,distance_running.csv,2025-09-13T21:48:26.825280,M,,,,,,3.2,0.3125,,,,,,,1.0,1.0,4.0,160.0,50.0,29.296874999999993,6.4,0.46875,,,,1.0,1.0,4.0,1
distance_running,165.0,56.0,20.569329660238754,DISTANCE RUNNER,Kenenisa Bekele,165 cm,56 kg,,8.802121212121213,9.511212121212122,distance_running.csv,2025-09-13T21:48:26.825280,M,,,,,,2.9464285714285716,0.3393939393939394,,,,,,,1.0,1.0,4.0,165.0,56.0,30.853994490358133,5.892857142857143,0.5090909090909091,,,,1.0,1.0,4.0,1
distance_running,176.0,61.0,19.692665289256198,DISTANCE RUNNER,Kelvin Kiptum,176 cm,61 kg,,8.802121212121213,9.511212121212122,distance_running.csv,2025-09-13T21:48:26.825280,M,,,,,,2.8852459016393444,0.3465909090909091,,,,,,,2.0,1.0,4.0,176.0,61.0,29.538997933884296,5.770491803278689,0.5198863636363636,,,,2.0,1.0,4.0,1
distance_running,160.0,48.0,18.749999999999996,DISTANCE RUNNER,Brigid Kosgei,160 cm,48 kg,,8.802121212121213,9.511212121212122,distance_running.csv,2025-09-13T21:48:26.825280,F,,,,,,3.3333333333333335,0.3,,,,,,,1.0,1.0,4.0,160.0,48.0,28.124999999999993,6.666666666666667,0.44999999999999996,,,,1.0,1.0,4.0,1
distance_running,170.0,54.0,18.68512110726644,DISTANCE RUNNER,Paula Radcliffe,170 cm,54 kg,,8.802121212121213,9.511212121212122,distance_running.csv,2025-09-13T21:48:26.825280,F,,,,,,3.1481481481481484,0.3176470588235294,,,,,,,1.0,1.0,4.0,170.0,54.0,28.02768166089966,6.296296296296297,0.4764705882352941,,,,1.0,1.0,4.0,1
distance_running,165.0,56.0,20.569329660238754,DISTANCE RUNNER,Haile Gebrselassie,165 cm,56 kg,,8.802121212121213,9.511212121212122,distance_running.csv,2025-09-13T21:48:26.825280,M,,,,,,2.9464285714285716,0.3393939393939394,,,,,,,1.0,1.0,4.0,165.0,56.0,30.853994490358133,5.892857142857143,0.5090909090909091,,,,1.0,1.0,4.0,1
distance_running,167.0,52.0,18.645344042454013,DISTANCE RUNNER,Eliud Kipchoge,167 cm,52 kg,,8.802121212121213,9.511212121212122,distance_running.csv,2025-09-13T21:48:26.825280,M,,,,,,3.2115384615384617,0.31137724550898205,,,,,,,1.0,1.0,4.0,167.0,52.0,27.96801606368102,6.423076923076923,0.46706586826347307,,,,1.0,1.0,4.0,1
distance_running,172.0,60.0,20.281233098972418,DISTANCE RUNNER,Wilson Kipsang,172 cm,60 kg,,8.802121212121213,9.511212121212122,distance_running.csv,2025-09-13T21:48:26.825280,M,,,,,,2.8666666666666667,0.3488372093023256,,,,,,,2.0,1.0,4.0,172.0,60.0,30.421849648458625,5.733333333333333,0.5232558139534884,,,,2.0,1.0,4.0,1
distance_running,168.0,54.0,19.13265306122449,DISTANCE RUNNER,Dennis Kimetto,168 cm,54 kg,,8.802121212121213,9.511212121212122,distance_running.csv,2025-09-13T21:48:26.825280,M,,,,,,3.111111111111111,0.32142857142857145,,,,,,,1.0,1.0,4.0,168.0,54.0,28.69897959183674,6.222222222222222,0.4821428571428572,,,,1.0,1.0,4.0,1
distance_running,160.0,45.0,17.578124999999996,DISTANCE RUNNER,Yalemzerf Yehualaw,160 cm,45 kg,,8.802121212121213,9.511212121212122,distance_running.csv,2025-09-13T21:48:26.825280,F,,,,,,3.5555555555555554,0.28125,,,,,,,1.0,1.0,4.0,160.0,45.0,26.367187499999993,7.111111111111111,0.421875,,,,1.0,1.0,4.0,1
distance_running,165.0,50.0,18.36547291092746,DISTANCE RUNNER,Sifan Hassan,165 cm,50 kg,,8.802121212121213,9.511212121212122,distance_running.csv,2025-09-13T21:48:26.825280,F,,,,,,3.3,0.30303030303030304,,,,,,,1.0,1.0,4.0,165.0,50.0,27.548209366391188,6.6,0.4545454545454546,,,,1.0,1.0,4.0,1
distance_running,168.0,,,DISTANCE RUNNER,Muktar Edris,168 cm,,,8.802121212121213,9.511212121212122,distance_running.csv,2025-09-13T21:48:26.825280,M,,,,,,,,,,,,,,1.0,,,168.0,,,,,,,,1.0,,,0
distance_running,175.0,63.0,20.571428571428573,DISTANCE RUNNER,Mo Farah,175 cm,63 kg,,8.802121212121213,9.511212121212122,distance_running.csv,2025-09-13T21:48:26.825280,M,,,,,,2.7777777777777777,0.36,,,,,,,2.0,1.0,4.0,175.0,63.0,30.85714285714286,5.555555555555555,0.54,,,,2.0,1.0,4.0,1
gymnastics,170.0,,,GYMNAST,Sam Mikulak,170 cm,,,8.802121212121213,9.511212121212122,gymnastics.csv,2025-09-13T21:48:26.827281,M,,,,,,,,,,,,,,1.0,,,170.0,,,,,,,,1.0,,,0
gymnastics,170.0,,,GYMNAST,Yul Moldauer,170 cm,,,8.802121212121213,9.511212121212122,gymnastics.csv,2025-09-13T21:48:26.827281,M,,,,,,,,,,,,,,1.0,,,170.0,,,,,,,,1.0,,,0
gymnastics,170.0,,,GYMNAST,David Belyavskiy,170 cm,,,8.802121212121213,9.511212121212122,gymnastics.csv,2025-09-13T21:48:26.827281,M,,,,,,,,,,,,,,1.0,,,170.0,,,,,,,,1.0,,,0
gymnastics,169.0,,,GYMNAST,Epke Zonderland,169 cm,,,8.802121212121213,9.511212121212122,gymnastics.csv,2025-09-13T21:48:26.827281,M,,,,,,,,,,,,,,1.0,,,169.0,,,,,,,,1.0,,,0
gymnastics,168.0,,,GYMNAST,Diego Hypólito,168 cm,,,8.802121212121213,9.511212121212122,gymnastics.csv,2025-09-13T21:48:26.827281,M,,,,,,,,,,,,,,1.0,,,168.0,,,,,,,,1.0,,,0
gymnastics,160.0,,,GYMNAST,Morgan Hurd,160 cm,,,8.802121212121213,9.511212121212122,gymnastics.csv,2025-09-13T21:48:26.827281,F,,,,,,,,,,,,,,1.0,,,160.0,,,,,,,,1.0,,,0
gymnastics,164.0,,,GYMNAST,Sanne Wevers,164 cm,,,8.802121212121213,9.511212121212122,gymnastics.csv,2025-09-13T21:48:26.827281,F,,,,,,,,,,,,,,1.0,,,164.0,,,,,,,,1.0,,,0
gymnastics,165.0,,,GYMNAST,Giulia Steingruber,165 cm,,,8.802121212121213,9.511212121212122,gymnastics.csv,2025-09-13T21:48:26.827281,F,,,,,,,,,,,,,,1.0,,,165.0,,,,,,,,1.0,,,0
gymnastics,163.0,,,GYMNAST,Aly Raisman,163 cm,,,8.802121212121213,9.511212121212122,gymnastics.csv,2025-09-13T21:48:26.827281,F,,,,,,,,,,,,,,1.0,,,163.0,,,,,,,,1.0,,,0
gymnastics,160.0,,,GYMNAST,Oksana Chusovitina,160 cm,,,8.802121212121213,9.511212121212122,gymnastics.csv,2025-09-13T21:48:26.827281,F,,,,,,,,,,,,,,1.0,,,160.0,,,,,,,,1.0,,,0
gymnastics,165.0,,,GYMNAST,Giarnni Regini-Moran,165 cm,,,8.802121212121213,9.511212121212122,gymnastics.csv,2025-09-13T21:48:26.827281,M,,,,,,,,,,,,,,1.0,,,165.0,,,,,,,,1.0,,,0
gymnastics,164.0,,,GYMNAST,Oleg Verniaiev,164 cm,,,8.802121212121213,9.511212121212122,gymnastics.csv,2025-09-13T21:48:26.827281,M,,,,,,,,,,,,,,1.0,,,164.0,,,,,,,,1.0,,,0
gymnastics,157.0,,,GYMNAST,Shilese Jones,157 cm,,,8.802121212121213,9.511212121212122,gymnastics.csv,2025-09-13T21:48:26.827281,F,,,,,,,,,,,,,,1.0,,,157.0,,,,,,,,1.0,,,0
gymnastics,160.0,,,GYMNAST,Max Whitlock,160 cm,,,8.802121212121213,9.511212121212122,gymnastics.csv,2025-09-13T21:48:26.827281,M,,,,,,,,,,,,,,1.0,,,160.0,,,,,,,,1.0,,,0
gymnastics,157.0,,,GYMNAST,Jade Carey,157 cm,,,8.802121212121213,9.511212121212122,gymnastics.csv,2025-09-13T21:48:26.827281,F,,,,,,,,,,,,,,1.0,,,157.0,,,,,,,,1.0,,,0
gymnastics,162.0,,,GYMNAST,Artur Dalaloyan,162 cm,,,8.802121212121213,9.511212121212122,gymnastics.csv,2025-09-13T21:48:26.827281,M,,,,,,,,,,,,,,1.0,,,162.0,,,,,,,,1.0,,,0
gymnastics,142.0,47.0,23.30886728823646,GYMNAST,Simone Biles,142 cm,47.0 kg,,8.802121212121213,9.511212121212122,gymnastics.csv,2025-09-13T21:48:26.827281,F,,,,,,3.021276595744681,0.33098591549295775,,,,,,,1.0,3.0,4.0,142.0,47.0,34.96330093235469,6.042553191489362,0.4964788732394366,,,,1.0,3.0,4.0,1
gymnastics,151.0,,,GYMNAST,Rebeca Andrade,151 cm,,,8.802121212121213,9.511212121212122,gymnastics.csv,2025-09-13T21:48:26.827281,F,,,,,,,,,,,,,,1.0,,,151.0,,,,,,,,1.0,,,0
gymnastics,152.0,,,GYMNAST,Sunisa Lee,152 cm,,,8.802121212121213,9.511212121212122,gymnastics.csv,2025-09-13T21:48:26.827281,F,,,,,,,,,,,,,,1.0,,,152.0,,,,,,,,1.0,,,0
gymnastics,152.0,,,GYMNAST,Jessica Gadirova,152 cm,,,8.802121212121213,9.511212121212122,gymnastics.csv,2025-09-13T21:48:26.827281,F,,,,,,,,,,,,,,1.0,,,152.0,,,,,,,,1.0,,,0
gymnastics,160.0,,,GYMNAST,Viktoria Listunova,160 cm,,,8.802121212121213,9.511212121212122,gymnastics.csv,2025-09-13T21:48:26.827281,F,,,,,,,,,,,,,,1.0,,,160.0,,,,,,,,1.0,,,0
gymnastics,152.0,,,GYMNAST,Angelina Melnikova,152 cm,,,8.802121212121213,9.511212121212122,gymnastics.csv,2025-09-13T21:48:26.827281,F,,,,,,,,,,,,,,1.0,,,152.0,,,,,,,,1.0,,,0
gymnastics,150.0,,,GYMNAST,Carlos Yulo,150 cm,,,8.802121212121213,9.511212121212122,gymnastics.csv,2025-09-13T21:48:26.827281,M,,,,,,,,,,,,,,1.0,,,150.0,,,,,,,,1.0,,,0
gymnastics,165.0,,,GYMNAST,Asia D'Amato,165 cm,,,8.802121212121213,9.511212121212122,gymnastics.csv,2025-09-13T21:48:26.827281,F,,,,,,,,,,,,,,1.0,,,165.0,,,,,,,,1.0,,,0
gymnastics,165.0,,,GYMNAST,Larisa Iordache,165 cm,,,8.802121212121213,9.511212121212122,gymnastics.csv,2025-09-13T21:48:26.827281,F,,,,,,,,,,,,,,1.0,,,165.0,,,,,,,,1.0,,,0
gymnastics,162.0,54.0,20.576131687242793,GYMNAST,Kōhei Uchimura,162 cm,54.0 kg,,8.802121212121213,9.511212121212122,gymnastics.csv,2025-09-13T21:48:26.827281,M,,,,,,3.0,0.3333333333333333,,,,,,,1.0,1.0,4.0,162.0,54.0,30.86419753086419,6.0,0.5,,,,1.0,1.0,4.0,1
gymnastics,166.0,,,GYMNAST,Daiki Hashimoto,166 cm,,,8.802121212121213,9.511212121212122,gymnastics.csv,2025-09-13T21:48:26.827281,M,,,,,,,,,,,,,,1.0,,,166.0,,,,,,,,1.0,,,0
gymnastics,168.0,,,GYMNAST,Nikita Nagornyy,168 cm,,,8.802121212121213,9.511212121212122,gymnastics.csv,2025-09-13T21:48:26.827281,M,,,,,,,,,,,,,,1.0,,,168.0,,,,,,,,1.0,,,0
gymnastics,150.0,,,GYMNAST,Alice D'Amato,150 cm,,,8.802121212121213,9.511212121212122,gymnastics.csv,2025-09-13T21:48:26.827281,F,,,,,,,,,,,,,,1.0,,,150.0,,,,,,,,1.0,,,0
rowing,189.0,90.0,25.195263290501387,ROWER,Damir Martin,189 cm,90 kg,,8.802121212121213,9.511212121212122,rowing.csv,2025-09-13T21:48:26.830914,M,,,,,,2.1,0.47619047619047616,,,,,,,3.0,4.0,1.0,189.0,90.0,37.79289493575208,4.2,0.7142857142857142,,,,3.0,4.0,1.0,0
rowing,177.0,72.0,22.981901752370007,ROWER,Fintan McCarthy,177 cm,72 kg,,8.802121212121213,9.511212121212122,rowing.csv,2025-09-13T21:48:26.830914,M,,,,,,2.4583333333333335,0.4067796610169492,,,,,,,2.0,2.0,3.0,177.0,72.0,34.47285262855501,4.916666666666667,0.6101694915254238,,,,2.0,2.0,3.0,0
rowing,177.0,72.0,22.981901752370007,ROWER,Paul O'Donovan,177 cm,72 kg,,8.802121212121213,9.511212121212122,rowing.csv,2025-09-13T21:48:26.830914,M,,,,,,2.4583333333333335,0.4067796610169492,,,,,,,2.0,2.0,3.0,177.0,72.0,34.47285262855501,4.916666666666667,0.6101694915254238,,,,2.0,2.0,3.0,0
rowing,176.0,69.0,22.275309917355372,ROWER,Zoe Stevenson,176 cm,69 kg,,8.802121212121213,9.511212121212122,rowing.csv,2025-09-13T21:48:26.830914,F,,,,,,2.550724637681159,0.39204545454545453,,,,,,,2.0,2.0,4.0,176.0,69.0,33.41296487603306,5.101449275362318,0.5880681818181818,,,,2.0,2.0,4.0,1
rowing,179.0,80.0,24.968009737523797,ROWER,Emma Twigg,179 cm,80 kg,,8.802121212121213,9.511212121212122,rowing.csv,2025-09-13T21:48:26.830914,F,,,,,,2.2375,0.44692737430167595,,,,,,,2.0,4.0,2.0,179.0,80.0,37.452014606285694,4.475,0.6703910614525139,,,,2.0,4.0,2.0,0
rowing,179.0,74.0,23.095409007209515,ROWER,Grace Prendergast,179 cm,74 kg,,8.802121212121213,9.511212121212122,rowing.csv,2025-09-13T21:48:26.830914,F,,,,,,2.418918918918919,0.4134078212290503,,,,,,,2.0,2.0,3.0,179.0,74.0,34.643113510814274,4.837837837837838,0.6201117318435754,,,,2.0,2.0,3.0,0
rowing,191.0,88.0,24.12214577451276,ROWER,Andrew Triggs Hodge,191 cm,88 kg,,8.802121212121213,9.511212121212122,rowing.csv,2025-09-13T21:48:26.830914,M,,,,,,2.1704545454545454,0.4607329842931937,,,,,,,3.0,3.0,2.0,191.0,88.0,36.18321866176914,4.340909090909091,0.6910994764397905,,,,3.0,3.0,2.0,0
rowing,190.0,87.0,24.099722991689752,ROWER,Lucerne Rotsee,190 cm,87 kg,,8.802121212121213,9.511212121212122,rowing.csv,2025-09-13T21:48:26.830914,M,,,,,,2.1839080459770117,0.45789473684210524,,,,,,,3.0,3.0,2.0,190.0,87.0,36.149584487534625,4.367816091954023,0.6868421052631579,,,,3.0,3.0,2.0,0
rowing,198.0,98.0,24.997449239873482,ROWER,Pete Reed,198 cm,98 kg,,8.802121212121213,9.511212121212122,rowing.csv,2025-09-13T21:48:26.830914,M,,,,,,2.020408163265306,0.494949494949495,,,,,,,4.0,4.0,1.0,198.0,98.0,37.49617385981023,4.040816326530612,0.7424242424242424,,,,4.0,4.0,1.0,0
rowing,185.0,83.0,24.251278305332356,ROWER,Jurgen Grobler,185 cm,83 kg,,8.802121212121213,9.511212121212122,rowing.csv,2025-09-13T21:48:26.830914,M,,,,,,2.2289156626506026,0.4486486486486487,,,,,,,2.0,3.0,2.0,185.0,83.0,36.37691745799853,4.457831325301205,0.672972972972973,,,,2.0,3.0,2.0,0
rowing,183.0,75.0,22.395413419331717,ROWER,Sarah Cook,183 cm,75 kg,,8.802121212121213,9.511212121212122,rowing.csv,2025-09-13T21:48:26.830914,F,,,,,,2.44,0.4098360655737705,,,,,,,2.0,2.0,3.0,183.0,75.0,33.593120128997576,4.88,0.6147540983606558,,,,2.0,2.0,3.0,0
rowing,200.0,103.0,25.75,ROWER,Ondřej Synek,200 cm,103 kg,,8.802121212121213,9.511212121212122,rowing.csv,2025-09-13T21:48:26.830914,M,,,,,,1.941747572815534,0.515,,,,,,,4.0,4.0,1.0,200.0,103.0,38.625,3.883495145631068,0.7725,,,,4.0,4.0,1.0,0
rowing,191.0,77.0,21.106877552698666,ROWER,Grace Luczak,191 cm,77 kg,,8.802121212121213,9.511212121212122,rowing.csv,2025-09-13T21:48:26.830914,F,,,,,,2.4805194805194803,0.4031413612565445,,,,,,,3.0,1.0,3.0,191.0,77.0,31.660316329048,4.961038961038961,0.6047120418848168,,,,3.0,1.0,3.0,0
rowing,182.0,75.0,22.6421929718633,ROWER,Kerri Gowler,182 cm,75 kg,,8.802121212121213,9.511212121212122,rowing.csv,2025-09-13T21:48:26.830914,F,,,,,,2.4266666666666667,0.41208791208791207,,,,,,,2.0,2.0,3.0,182.0,75.0,33.96328945779495,4.8533333333333335,0.6181318681318682,,,,2.0,2.0,3.0,0
rowing,177.0,76.0,24.258674071946118,ROWER,Viorica Neculai,177 cm,76 kg,,8.802121212121213,9.511212121212122,rowing.csv,2025-09-13T21:48:26.830914,F,,,,,,2.3289473684210527,0.4293785310734463,,,,,,,2.0,3.0,3.0,177.0,76.0,36.388011107919176,4.657894736842105,0.6440677966101694,,,,2.0,3.0,3.0,0
rowing,190.0,89.0,24.653739612188367,ROWER,Martin Sinković,190 cm,89 kg,,8.802121212121213,9.511212121212122,rowing.csv,2025-09-13T21:48:26.830914,M,,,,,,2.134831460674157,0.46842105263157896,,,,,,,3.0,3.0,2.0,190.0,89.0,36.980609418282555,4.269662921348314,0.7026315789473685,,,,3.0,3.0,2.0,0
rowing,193.0,94.0,25.235576794007894,ROWER,James Cracknell,193 cm,94 kg,,8.802121212121213,9.511212121212122,rowing.csv,2025-09-13T21:48:26.830914,M,,,,,,2.0531914893617023,0.48704663212435234,,,,,,,3.0,4.0,1.0,193.0,94.0,37.85336519101184,4.1063829787234045,0.7305699481865285,,,,3.0,4.0,1.0,0
rowing,193.0,91.0,24.43018604526296,ROWER,Valent Sinković,193 cm,91 kg,,8.802121212121213,9.511212121212122,rowing.csv,2025-09-13T21:48:26.830914,M,,,,,,2.120879120879121,0.47150259067357514,,,,,,,3.0,3.0,2.0,193.0,91.0,36.64527906789444,4.241758241758242,0.7072538860103628,,,,3.0,3.0,2.0,0
rowing,195.0,100.0,26.298487836949377,ROWER,Steve Redgrave,195 cm,100 kg,,8.802121212121213,9.511212121212122,rowing.csv,2025-09-13T21:48:26.830914,M,,,,,,1.95,0.5128205128205128,,,,,,,4.0,4.0,1.0,195.0,100.0,39.447731755424066,3.9,0.7692307692307692,,,,4.0,4.0,1.0,0
rowing,196.0,98.0,25.510204081632654,ROWER,Matthew Pinsent,196 cm,98 kg,,8.802121212121213,9.511212121212122,rowing.csv,2025-09-13T21:48:26.830914,M,,,,,,2.0,0.5,,,,,,,4.0,4.0,1.0,196.0,98.0,38.26530612244898,4.0,0.75,,,,4.0,4.0,1.0,0
rowing,200.0,99.0,24.75,ROWER,Mahe Drysdale,200 cm,99 kg,,8.802121212121213,9.511212121212122,rowing.csv,2025-09-13T21:48:26.830914,M,,,,,,2.0202020202020203,0.495,,,,,,,4.0,3.0,1.0,200.0,99.0,37.125,4.040404040404041,0.7424999999999999,,,,4.0,3.0,1.0,0
rowing,189.0,88.0,24.635368550712467,ROWER,Hamish Bond,189 cm,88 kg,,8.802121212121213,9.511212121212122,rowing.csv,2025-09-13T21:48:26.830914,M,,,,,,2.147727272727273,0.4656084656084656,,,,,,,3.0,3.0,2.0,189.0,88.0,36.9530528260687,4.295454545454546,0.6984126984126984,,,,3.0,3.0,2.0,0
rowing,198.0,100.0,25.507601265177023,ROWER,Eric Murray,198 cm,100 kg,,8.802121212121213,9.511212121212122,rowing.csv,2025-09-13T21:48:26.830914,M,,,,,,1.98,0.5050505050505051,,,,,,,4.0,4.0,1.0,198.0,100.0,38.26140189776554,3.96,0.7575757575757576,,,,4.0,4.0,1.0,0
rowing,193.0,93.0,24.967113211092915,ROWER,Olaf Tufte,193 cm,93 kg,,8.802121212121213,9.511212121212122,rowing.csv,2025-09-13T21:48:26.830914,M,,,,,,2.075268817204301,0.48186528497409326,,,,,,,3.0,4.0,1.0,193.0,93.0,37.450669816639376,4.150537634408602,0.7227979274611399,,,,3.0,4.0,1.0,0
rowing,181.0,74.0,22.587833094227893,ROWER,Kim Brennan,181 cm,74 kg,,8.802121212121213,9.511212121212122,rowing.csv,2025-09-13T21:48:26.830914,F,,,,,,2.445945945945946,0.4088397790055249,,,,,,,2.0,2.0,3.0,181.0,74.0,33.88174964134184,4.891891891891892,0.6132596685082873,,,,2.0,2.0,3.0,0
rowing,182.0,70.0,21.132713440405748,ROWER,Katherine Grainger,182 cm,70 kg,,8.802121212121213,9.511212121212122,rowing.csv,2025-09-13T21:48:26.830914,F,,,,,,2.6,0.38461538461538464,,,,,,,2.0,1.0,4.0,182.0,70.0,31.69907016060862,5.2,0.576923076923077,,,,2.0,1.0,4.0,1
rowing,178.0,70.0,22.093170054286073,ROWER,Helen Glover,178 cm,70 kg,,8.802121212121213,9.511212121212122,rowing.csv,2025-09-13T21:48:26.830914,F,,,,,,2.5428571428571427,0.39325842696629215,,,,,,,2.0,2.0,4.0,178.0,70.0,33.13975508142911,5.085714285714285,0.5898876404494382,,,,2.0,2.0,4.0,1
rowing,178.0,70.0,22.093170054286073,ROWER,Heather Stanning,178 cm,70 kg,,8.802121212121213,9.511212121212122,rowing.csv,2025-09-13T21:48:26.830914,F,,,,,,2.5428571428571427,0.39325842696629215,,,,,,,2.0,2.0,4.0,178.0,70.0,33.13975508142911,5.085714285714285,0.5898876404494382,,,,2.0,2.0,4.0,1
rowing,193.0,90.0,24.161722462347985,ROWER,Drew Ginn,193 cm,90 kg,,8.802121212121213,9.511212121212122,rowing.csv,2025-09-13T21:48:26.830914,M,,,,,,2.1444444444444444,0.46632124352331605,,,,,,,3.0,3.0,2.0,193.0,90.0,36.24258369352198,4.288888888888889,0.6994818652849741,,,,3.0,3.0,2.0,0
rowing,186.0,76.0,21.967857555786793,ROWER,Georgina Rowe,186 cm,76 kg,,8.802121212121213,9.511212121212122,rowing.csv,2025-09-13T21:48:26.830914,F,,,,,,2.4473684210526314,0.40860215053763443,,,,,,,3.0,1.0,3.0,186.0,76.0,32.95178633368019,4.894736842105263,0.6129032258064516,,,,3.0,1.0,3.0,0
soccer,193.0,92.0,24.69864962817794,SOCCER,Manuel Neuer,193 cm,92 kg,,8.802121212121213,9.511212121212122,soccer.csv,2025-09-13T21:48:26.832929,M,,,,,,2.097826086956522,0.47668393782383417,,,,,,,3.0,3.0,1.0,193.0,92.0,37.047974442266906,4.195652173913044,0.7150259067357513,,,,3.0,3.0,1.0,0
soccer,183.0,76.0,22.694018931589476,SOCCER,Toni Kroos,183 cm,76 kg,,8.802121212121213,9.511212121212122,soccer.csv,2025-09-13T21:48:26.832929,M,,,,,,2.4078947368421053,0.41530054644808745,,,,,,,2.0,2.0,3.0,183.0,76.0,34.04102839738421,4.815789473684211,0.6229508196721312,,,,2.0,2.0,3.0,0
soccer,168.0,70.0,24.801587301587304,SOCCER,N'Golo Kanté,168 cm,70 kg,,8.802121212121213,9.511212121212122,soccer.csv,2025-09-13T21:48:26.832929,M,,,,,,2.4,0.4166666666666667,,,,,,,1.0,3.0,3.0,168.0,70.0,37.202380952380956,4.8,0.625,,,,1.0,3.0,3.0,0
soccer,177.0,75.0,23.93948099205209,SOCCER,Joshua Kimmich,177 cm,75 kg,,8.802121212121213,9.511212121212122,soccer.csv,2025-09-13T21:48:26.832929,M,,,,,,2.36,0.423728813559322,,,,,,,2.0,3.0,3.0,177.0,75.0,35.90922148807813,4.72,0.635593220338983,,,,2.0,3.0,3.0,0
soccer,193.0,92.0,24.69864962817794,SOCCER,Virgil van Dijk,193 cm,92 kg,,8.802121212121213,9.511212121212122,soccer.csv,2025-09-13T21:48:26.832929,M,,,,,,2.097826086956522,0.47668393782383417,,,,,,,3.0,3.0,1.0,193.0,92.0,37.047974442266906,4.195652173913044,0.7150259067357513,,,,3.0,3.0,1.0,0
soccer,191.0,91.0,24.94449165318933,SOCCER,Alisson Becker,191 cm,91 kg,,8.802121212121213,9.511212121212122,soccer.csv,2025-09-13T21:48:26.832929,M,,,,,,2.098901098901099,0.47643979057591623,,,,,,,3.0,4.0,1.0,191.0,91.0,37.416737479784,4.197802197802198,0.7146596858638743,,,,3.0,4.0,1.0,0
soccer,176.0,73.0,23.56663223140496,SOCCER,Antoine Griezmann,176 cm,73 kg,,8.802121212121213,9.511212121212122,soccer.csv,2025-09-13T21:48:26.832929,M,,,,,,2.410958904109589,0.4147727272727273,,,,,,,2.0,3.0,3.0,176.0,73.0,35.34994834710744,4.821917808219178,0.6221590909090909,,,,2.0,3.0,3.0,0
soccer,185.0,78.0,22.79035792549306,SOCCER,Victor Osimhen,185 cm,78 kg,,8.802121212121213,9.511212121212122,soccer.csv,2025-09-13T21:48:26.832929,M,,,,,,2.371794871794872,0.42162162162162165,,,,,,,2.0,2.0,3.0,185.0,78.0,34.18553688823959,4.743589743589744,0.6324324324324324,,,,2.0,2.0,3.0,0
soccer,172.0,66.0,22.30935640886966,SOCCER,Luka Modrić,172 cm,66 kg,,8.802121212121213,9.511212121212122,soccer.csv,2025-09-13T21:48:26.832929,M,,,,,,2.606060606060606,0.38372093023255816,,,,,,,2.0,2.0,4.0,172.0,66.0,33.46403461330449,5.212121212121212,0.5755813953488372,,,,2.0,2.0,4.0,1
soccer,184.0,82.0,24.22022684310019,SOCCER,Sergio Ramos,184 cm,82 kg,,8.802121212121213,9.511212121212122,soccer.csv,2025-09-13T21:48:26.832929,M,,,,,,2.2439024390243905,0.44565217391304346,,,,,,,2.0,3.0,2.0,184.0,82.0,36.33034026465028,4.487804878048781,0.6684782608695652,,,,2.0,3.0,2.0,0
soccer,177.0,75.0,23.93948099205209,SOCCER,Paulo Dybala,177 cm,75 kg,,8.802121212121213,9.511212121212122,soccer.csv,2025-09-13T21:48:26.832929,M,,,,,,2.36,0.423728813559322,,,,,,,2.0,3.0,3.0,177.0,75.0,35.90922148807813,4.72,0.635593220338983,,,,2.0,3.0,3.0,0
soccer,195.0,95.0,24.983563445101908,SOCCER,Zlatan Ibrahimović,195 cm,95 kg,,8.802121212121213,9.511212121212122,soccer.csv,2025-09-13T21:48:26.832929,M,,,,,,2.0526315789473686,0.48717948717948717,,,,,,,4.0,4.0,1.0,195.0,95.0,37.47534516765286,4.105263157894737,0.7307692307692307,,,,4.0,4.0,1.0,0
soccer,187.0,85.0,24.307243558580453,SOCCER,Marc-André ter Stegen,187 cm,85 kg,,8.802121212121213,9.511212121212122,soccer.csv,2025-09-13T21:48:26.832929,M,,,,,,2.2,0.45454545454545453,,,,,,,3.0,3.0,2.0,187.0,85.0,36.46086533787068,4.4,0.6818181818181818,,,,3.0,3.0,2.0,0
soccer,191.0,94.0,25.766837531865903,SOCCER,Romelu Lukaku,191 cm,94 kg,,8.802121212121213,9.511212121212122,soccer.csv,2025-09-13T21:48:26.832929,M,,,,,,2.0319148936170213,0.49214659685863876,,,,,,,3.0,4.0,1.0,191.0,94.0,38.650256297798855,4.0638297872340425,0.7382198952879582,,,,3.0,4.0,1.0,0
soccer,185.0,81.0,23.66691015339664,SOCCER,Karim Benzema,185 cm,81 kg,,8.802121212121213,9.511212121212122,soccer.csv,2025-09-13T21:48:26.832929,M,,,,,,2.2839506172839505,0.43783783783783786,,,,,,,2.0,3.0,2.0,185.0,81.0,35.50036523009496,4.567901234567901,0.6567567567567568,,,,2.0,3.0,2.0,0
soccer,175.0,69.0,22.53061224489796,SOCCER,Sadio Mané,175 cm,69 kg,,8.802121212121213,9.511212121212122,soccer.csv,2025-09-13T21:48:26.832929,M,,,,,,2.536231884057971,0.3942857142857143,,,,,,,2.0,2.0,4.0,175.0,69.0,33.79591836734694,5.072463768115942,0.5914285714285714,,,,2.0,2.0,4.0,1
soccer,187.0,84.0,24.021275987303035,SOCCER,Cristiano Ronaldo,187 cm,84 kg,,8.802121212121213,9.511212121212122,soccer.csv,2025-09-13T21:48:26.832929,M,,,,,,2.2261904761904763,0.44919786096256686,,,,,,,3.0,3.0,2.0,187.0,84.0,36.031913980954556,4.4523809523809526,0.6737967914438503,,,,3.0,3.0,2.0,0
soccer,170.0,69.0,23.87543252595156,SOCCER,Raheem Sterling,170 cm,69 kg,,8.802121212121213,9.511212121212122,soccer.csv,2025-09-13T21:48:26.832929,M,,,,,,2.463768115942029,0.40588235294117647,,,,,,,1.0,3.0,3.0,170.0,69.0,35.813148788927336,4.927536231884058,0.6088235294117648,,,,1.0,3.0,3.0,0
soccer,178.0,73.0,23.04002019946976,SOCCER,Kylian Mbappé,178 cm,73 kg,,8.802121212121213,9.511212121212122,soccer.csv,2025-09-13T21:48:26.832929,M,,,,,,2.4383561643835616,0.4101123595505618,,,,,,,2.0,2.0,3.0,178.0,73.0,34.56003029920464,4.876712328767123,0.6151685393258427,,,,2.0,2.0,3.0,0
soccer,195.0,94.0,24.720578566732414,SOCCER,Erling Haaland,195 cm,94 kg,,8.802121212121213,9.511212121212122,soccer.csv,2025-09-13T21:48:26.832929,M,,,,,,2.074468085106383,0.48205128205128206,,,,,,,4.0,3.0,1.0,195.0,94.0,37.08086785009862,4.148936170212766,0.7230769230769231,,,,4.0,3.0,1.0,0
soccer,181.0,70.0,21.36686914318855,SOCCER,Kevin De Bruyne,181 cm,70 kg,,8.802121212121213,9.511212121212122,soccer.csv,2025-09-13T21:48:26.832929,M,,,,,,2.585714285714286,0.3867403314917127,,,,,,,2.0,1.0,4.0,181.0,70.0,32.05030371478282,5.171428571428572,0.580110497237569,,,,2.0,1.0,4.0,1
soccer,175.0,68.0,22.20408163265306,SOCCER,Neymar Jr.,175 cm,68 kg,,8.802121212121213,9.511212121212122,soccer.csv,2025-09-13T21:48:26.832929,M,,,,,,2.573529411764706,0.38857142857142857,,,,,,,2.0,2.0,4.0,175.0,68.0,33.30612244897959,5.147058823529412,0.5828571428571429,,,,2.0,2.0,4.0,1
soccer,170.0,72.0,24.913494809688583,SOCCER,Lionel Messi,170 cm,72 kg,,8.802121212121213,9.511212121212122,soccer.csv,2025-09-13T21:48:26.832929,M,,,,,,2.361111111111111,0.4235294117647059,,,,,,,1.0,4.0,3.0,170.0,72.0,37.37024221453287,4.722222222222222,0.6352941176470588,,,,1.0,4.0,3.0,0
soccer,185.0,81.0,23.66691015339664,SOCCER,Robert Lewandowski,185 cm,81 kg,,8.802121212121213,9.511212121212122,soccer.csv,2025-09-13T21:48:26.832929,M,,,,,,2.2839506172839505,0.43783783783783786,,,,,,,2.0,3.0,2.0,185.0,81.0,35.50036523009496,4.567901234567901,0.6567567567567568,,,,2.0,3.0,2.0,0
soccer,188.0,86.0,24.332277048438208,SOCCER,Harry Kane,188 cm,86 kg,,8.802121212121213,9.511212121212122,soccer.csv,2025-09-13T21:48:26.832929,M,,,,,,2.186046511627907,0.4574468085106383,,,,,,,3.0,3.0,2.0,188.0,86.0,36.49841557265731,4.372093023255814,0.6861702127659575,,,,3.0,3.0,2.0,0
soccer,186.0,75.0,21.678806798473808,SOCCER,Jude Bellingham,186 cm,75 kg,,8.802121212121213,9.511212121212122,soccer.csv,2025-09-13T21:48:26.832929,M,,,,,,2.48,0.4032258064516129,,,,,,,3.0,1.0,3.0,186.0,75.0,32.518210197710715,4.96,0.6048387096774193,,,,3.0,1.0,3.0,0
soccer,171.0,70.0,23.938989774631512,SOCCER,Phil Foden,171 cm,70 kg,,8.802121212121213,9.511212121212122,soccer.csv,2025-09-13T21:48:26.832929,M,,,,,,2.442857142857143,0.4093567251461988,,,,,,,2.0,3.0,3.0,171.0,70.0,35.90848466194727,4.885714285714286,0.6140350877192982,,,,2.0,3.0,3.0,0
soccer,173.0,64.0,21.383941996057334,SOCCER,Bernardo Silva,173 cm,64 kg,,8.802121212121213,9.511212121212122,soccer.csv,2025-09-13T21:48:26.832929,M,,,,,,2.703125,0.3699421965317919,,,,,,,2.0,1.0,4.0,173.0,64.0,32.075912994086,5.40625,0.5549132947976878,,,,2.0,1.0,4.0,1
soccer,176.0,73.0,23.56663223140496,SOCCER,Vinícius Júnior,176 cm,73 kg,,8.802121212121213,9.511212121212122,soccer.csv,2025-09-13T21:48:26.832929,M,,,,,,2.410958904109589,0.4147727272727273,,,,,,,2.0,3.0,3.0,176.0,73.0,35.34994834710744,4.821917808219178,0.6221590909090909,,,,2.0,3.0,3.0,0
soccer,175.0,71.0,23.183673469387756,SOCCER,Mohamed Salah,175 cm,71 kg,,8.802121212121213,9.511212121212122,soccer.csv,2025-09-13T21:48:26.832929,M,,,,,,2.464788732394366,0.4057142857142857,,,,,,,2.0,2.0,3.0,175.0,71.0,34.775510204081634,4.929577464788732,0.6085714285714285,,,,2.0,2.0,3.0,0
swimming,187.96,,,SWIMMER,Nicolas Santos,"6'2""",,,8.802121212121213,9.511212121212122,swimming.csv,2025-09-13T21:48:26.837500,,,,,,,,,,,,,,,3.0,,,187.96,,,,,,,,3.0,,,0
swimming,193.04,,,SWIMMER,Vladimir Morozov,"6'4""",,,8.802121212121213,9.511212121212122,swimming.csv,2025-09-13T21:48:26.837500,,,,,,,,,,,,,,,3.0,,,193.04,,,,,,,,3.0,,,0
swimming,193.04,86.18248,23.127269938750405,SWIMMER,Chase Kalisz,"6'4""",190 lbs,,8.802121212121213,9.511212121212122,swimming.csv,2025-09-13T21:48:26.837500,,,,,,,2.2398984109067177,0.4464488188976378,,,,,,,3.0,2.0,2.0,193.04,86.18248,34.69090490812561,4.479796821813435,0.6696732283464567,,,,3.0,2.0,2.0,0
swimming,187.96,,,SWIMMER,Jay Litherland,"6'2""",,,8.802121212121213,9.511212121212122,swimming.csv,2025-09-13T21:48:26.837500,,,,,,,,,,,,,,,3.0,,,187.96,,,,,,,,3.0,,,0
swimming,190.5,,,SWIMMER,Leonardo de Deus,"6'3""",,,8.802121212121213,9.511212121212122,swimming.csv,2025-09-13T21:48:26.837500,,,,,,,,,,,,,,,3.0,,,190.5,,,,,,,,3.0,,,0
swimming,187.96,,,SWIMMER,Kamil Stoch,"6'2""",,,8.802121212121213,9.511212121212122,swimming.csv,2025-09-13T21:48:26.837500,,,,,,,,,,,,,,,3.0,,,187.96,,,,,,,,3.0,,,0
swimming,187.96,,,SWIMMER,James Guy,"6'2""",,,8.802121212121213,9.511212121212122,swimming.csv,2025-09-13T21:48:26.837500,,,,,,,,,,,,,,,3.0,,,187.96,,,,,,,,3.0,,,0
swimming,187.96,,,SWIMMER,Mitch Larkin,"6'2""",,,8.802121212121213,9.511212121212122,swimming.csv,2025-09-13T21:48:26.837500,,,,,,,,,,,,,,,3.0,,,187.96,,,,,,,,3.0,,,0
swimming,187.96,,,SWIMMER,Kamil Sieradzki,"6'2""",,,8.802121212121213,9.511212121212122,swimming.csv,2025-09-13T21:48:26.837500,,,,,,,,,,,,,,,3.0,,,187.96,,,,,,,,3.0,,,0
swimming,180.34,,,SWIMMER,Daiya Seto,"5'11""",,,8.802121212121213,9.511212121212122,swimming.csv,2025-09-13T21:48:26.837500,,,,,,,,,,,,,,,2.0,,,180.34,,,,,,,,2.0,,,0
swimming,187.96,,,SWIMMER,Yuya Yajima,"6'2""",,,8.802121212121213,9.511212121212122,swimming.csv,2025-09-13T21:48:26.837500,,,,,,,,,,,,,,,3.0,,,187.96,,,,,,,,3.0,,,0
swimming,187.96,,,SWIMMER,Matt Richards,"6'2""",,,8.802121212121213,9.511212121212122,swimming.csv,2025-09-13T21:48:26.837500,,,,,,,,,,,,,,,3.0,,,187.96,,,,,,,,3.0,,,0
swimming,187.96,,,SWIMMER,Andrii Govorov,"6'2""",,,8.802121212121213,9.511212121212122,swimming.csv,2025-09-13T21:48:26.837500,,,,,,,,,,,,,,,3.0,,,187.96,,,,,,,,3.0,,,0
swimming,193.04,,,SWIMMER,Tom Shields,"6'4""",,,8.802121212121213,9.511212121212122,swimming.csv,2025-09-13T21:48:26.837500,,,,,,,,,,,,,,,3.0,,,193.04,,,,,,,,3.0,,,0
swimming,193.04,,,SWIMMER,Tom Shields 2,"6'4""",,,8.802121212121213,9.511212121212122,swimming.csv,2025-09-13T21:48:26.837500,,,,,,,,,,,,,,,3.0,,,193.04,,,,,,,,3.0,,,0
swimming,185.42,,,SWIMMER,Maxime Grousset,"6'1""",,,8.802121212121213,9.511212121212122,swimming.csv,2025-09-13T21:48:26.837500,,,,,,,,,,,,,,,3.0,,,185.42,,,,,,,,3.0,,,0
swimming,193.04,89.811216,24.101049725645158,SWIMMER,Michael Phelps,"6'4""",198 lbs,"6'7""",8.802121212121213,9.511212121212122,swimming.csv,2025-09-13T21:48:26.837500,,,,,,,2.149397465011497,0.46524666390385416,,,,,,,3.0,3.0,2.0,193.04,89.811216,36.15157458846774,4.298794930022994,0.6978699958557812,,,,3.0,3.0,2.0,0
swimming,190.5,83.007336,22.873178333023333,SWIMMER,Caeleb Dressel,"6'3""",183 lbs,"6'4""",8.802121212121213,9.511212121212122,swimming.csv,2025-09-13T21:48:26.837500,,,,,,,2.2949778800273752,0.4357340472440945,,,,,,,3.0,2.0,3.0,190.5,83.007336,34.309767499535,4.5899557600547505,0.6536010708661417,,,,3.0,2.0,3.0,0
swimming,195.58,103.872568,27.155136179052924,SWIMMER,Ian Thorpe,"6'5""",229 lbs,,8.802121212121213,9.511212121212122,swimming.csv,2025-09-13T21:48:26.837500,,,,,,,1.8828840353691845,0.5311001533899171,,,,,,,4.0,4.0,1.0,195.58,103.872568,40.73270426857938,3.765768070738369,0.7966502300848757,,,,4.0,4.0,1.0,0
swimming,203.2,86.18248,20.87236111972224,SWIMMER,Matt Grevers,"6'8""",190 lbs,,8.802121212121213,9.511212121212122,swimming.csv,2025-09-13T21:48:26.837500,,,,,,,2.3577878009544397,0.42412637795275593,,,,,,,4.0,1.0,3.0,203.2,86.18248,31.308541679583357,4.7155756019088795,0.6361895669291339,,,,4.0,1.0,3.0,0
swimming,190.5,79.83219199999999,21.998248014273805,SWIMMER,David Popovici,"6'3""",176 lbs,,8.802121212121213,9.511212121212122,swimming.csv,2025-09-13T21:48:26.837500,,,,,,,2.3862554093466457,0.41906662467191597,,,,,,,3.0,2.0,3.0,190.5,79.83219199999999,32.99737202141071,4.772510818693291,0.628599937007874,,,,3.0,2.0,3.0,0
swimming,200.66,87.996848,21.854732765706515,SWIMMER,Michael Gross,"6'7""",194 lbs,"7'0""",8.802121212121213,9.511212121212122,swimming.csv,2025-09-13T21:48:26.837500,,,,,,,2.2803089492478184,0.438537067676667,,,,,,,4.0,1.0,2.0,200.66,87.996848,32.78209914855977,4.560617898495637,0.6578056015150004,,,,4.0,1.0,2.0,0
swimming,193.04,,,SWIMMER,Zach Apple,"6'4""",,,8.802121212121213,9.511212121212122,swimming.csv,2025-09-13T21:48:26.837500,,,,,,,,,,,,,,,3.0,,,193.04,,,,,,,,3.0,,,0
swimming,193.04,83.007336,22.275212625217495,SWIMMER,Kristóf Milák,"6'4""",183 lbs,,8.802121212121213,9.511212121212122,swimming.csv,2025-09-13T21:48:26.837500,,,,,,,2.3255775850944067,0.4300007045171985,,,,,,,3.0,2.0,3.0,193.04,83.007336,33.412818937826245,4.651155170188813,0.6450010567757978,,,,3.0,2.0,3.0,0
swimming,190.5,,,SWIMMER,Josh Liendo,"6'3""",,,8.802121212121213,9.511212121212122,swimming.csv,2025-09-13T21:48:26.837500,,,,,,,,,,,,,,,3.0,,,190.5,,,,,,,,3.0,,,0
swimming,193.04,,,SWIMMER,Tom Dean,"6'4""",,,8.802121212121213,9.511212121212122,swimming.csv,2025-09-13T21:48:26.837500,,,,,,,,,,,,,,,3.0,,,193.04,,,,,,,,3.0,,,0
swimming,187.96,,,SWIMMER,Kieran Smith,"6'2""",,,8.802121212121213,9.511212121212122,swimming.csv,2025-09-13T21:48:26.837500,,,,,,,,,,,,,,,3.0,,,187.96,,,,,,,,3.0,,,0
swimming,193.04,,,SWIMMER,Duncan Scott,"6'4""",,,8.802121212121213,9.511212121212122,swimming.csv,2025-09-13T21:48:26.837500,,,,,,,,,,,,,,,3.0,,,193.04,,,,,,,,3.0,,,0
swimming,195.58,,,SWIMMER,Ilya Kharun,"6'5""",,,8.802121212121213,9.511212121212122,swimming.csv,2025-09-13T21:48:26.837500,,,,,,,,,,,,,,,4.0,,,195.58,,,,,,,,4.0,,,0
swimming,190.5,,,SWIMMER,Pan Zhanle,"6'3""",,"6'3""",8.802121212121213,9.511212121212122,swimming.csv,2025-09-13T21:48:26.837500,,,,,,,,,,,,,,,3.0,,,190.5,,,,,,,,3.0,,,0
tennis,191.0,80.0,21.929223431375238,TENNIS,Grigor Dimitrov,191 cm,80 kg,,8.802121212121213,9.511212121212122,tennis.csv,2025-09-13T21:48:26.842517,M,,,,,,2.3875,0.418848167539267,,,,,,,3.0,1.0,3.0,191.0,80.0,32.89383514706286,4.775,0.6282722513089005,,,,3.0,1.0,3.0,0
tennis,198.0,86.0,21.93653708805224,TENNIS,Marin Čilić,198 cm,86 kg,,8.802121212121213,9.511212121212122,tennis.csv,2025-09-13T21:48:26.842517,M,,,,,,2.302325581395349,0.43434343434343436,,,,,,,4.0,1.0,3.0,198.0,86.0,32.904805632078364,4.604651162790698,0.6515151515151516,,,,4.0,1.0,3.0,0
tennis,208.0,109.0,25.194156804733726,TENNIS,John Isner,208 cm,109 kg,,8.802121212121213,9.511212121212122,tennis.csv,2025-09-13T21:48:26.842517,M,,,,,,1.908256880733945,0.5240384615384616,,,,,,,4.0,4.0,1.0,208.0,109.0,37.79123520710059,3.81651376146789,0.7860576923076923,,,,4.0,4.0,1.0,0
tennis,211.0,109.0,24.48282832820467,TENNIS,Reilly Opelka,211 cm,109 kg,,8.802121212121213,9.511212121212122,tennis.csv,2025-09-13T21:48:26.842517,M,,,,,,1.9357798165137614,0.5165876777251185,,,,,,,4.0,3.0,1.0,211.0,109.0,36.724242492307,3.871559633027523,0.7748815165876777,,,,4.0,3.0,1.0,0
tennis,176.0,63.0,20.33832644628099,TENNIS,Iga Świątek,176 cm,63 kg,,8.802121212121213,9.511212121212122,tennis.csv,2025-09-13T21:48:26.842517,F,,,,,,2.7936507936507935,0.35795454545454547,,,,,,,2.0,1.0,4.0,176.0,63.0,30.50748966942149,5.587301587301587,0.5369318181818182,,,,2.0,1.0,4.0,1
tennis,183.0,77.0,22.99262444384723,TENNIS,Aryna Sabalenka,183 cm,77 kg,,8.802121212121213,9.511212121212122,tennis.csv,2025-09-13T21:48:26.842517,F,,,,,,2.3766233766233764,0.4207650273224044,,,,,,,2.0,2.0,3.0,183.0,77.0,34.488936665770844,4.753246753246753,0.6311475409836066,,,,2.0,2.0,3.0,0
tennis,181.0,70.0,21.36686914318855,TENNIS,Barbora Krejčíková,181 cm,70 kg,,8.802121212121213,9.511212121212122,tennis.csv,2025-09-13T21:48:26.842517,F,,,,,,2.585714285714286,0.3867403314917127,,,,,,,2.0,1.0,4.0,181.0,70.0,32.05030371478282,5.171428571428572,0.580110497237569,,,,2.0,1.0,4.0,1
tennis,180.0,65.0,20.061728395061728,TENNIS,Coco Gauff,180 cm,65 kg,,8.802121212121213,9.511212121212122,tennis.csv,2025-09-13T21:48:26.842517,F,,,,,,2.769230769230769,0.3611111111111111,,,,,,,2.0,1.0,4.0,180.0,65.0,30.09259259259259,5.538461538461538,0.5416666666666666,,,,2.0,1.0,4.0,1
tennis,183.0,70.0,20.902385858042937,TENNIS,Elena Rybakina,183 cm,70 kg,,8.802121212121213,9.511212121212122,tennis.csv,2025-09-13T21:48:26.842517,F,,,,,,2.6142857142857143,0.3825136612021858,,,,,,,2.0,1.0,4.0,183.0,70.0,31.353578787064407,5.228571428571429,0.5737704918032787,,,,2.0,1.0,4.0,1
tennis,175.0,68.0,22.20408163265306,TENNIS,Jessica Pegula,175 cm,68 kg,,8.802121212121213,9.511212121212122,tennis.csv,2025-09-13T21:48:26.842517,F,,,,,,2.573529411764706,0.38857142857142857,,,,,,,2.0,2.0,4.0,175.0,68.0,33.30612244897959,5.147058823529412,0.5828571428571429,,,,2.0,2.0,4.0,1
tennis,168.0,59.0,20.904195011337873,TENNIS,Simona Halep,168 cm,59 kg,,8.802121212121213,9.511212121212122,tennis.csv,2025-09-13T21:48:26.842517,F,,,,,,2.847457627118644,0.35119047619047616,,,,,,,1.0,1.0,4.0,168.0,59.0,31.356292517006807,5.694915254237288,0.5267857142857142,,,,1.0,1.0,4.0,1
tennis,182.0,70.0,21.132713440405748,TENNIS,Petra Kvitová,182 cm,70 kg,,8.802121212121213,9.511212121212122,tennis.csv,2025-09-13T21:48:26.842517,F,,,,,,2.6,0.38461538461538464,,,,,,,2.0,1.0,4.0,182.0,70.0,31.69907016060862,5.2,0.576923076923077,,,,2.0,1.0,4.0,1
tennis,183.0,76.0,22.694018931589476,TENNIS,Roberto Bautista Agut,183 cm,76 kg,,8.802121212121213,9.511212121212122,tennis.csv,2025-09-13T21:48:26.842517,M,,,,,,2.4078947368421053,0.41530054644808745,,,,,,,2.0,2.0,3.0,183.0,76.0,34.04102839738421,4.815789473684211,0.6229508196721312,,,,2.0,2.0,3.0,0
tennis,167.0,60.0,21.513858510523864,TENNIS,Ons Jabeur,167 cm,60 kg,,8.802121212121213,9.511212121212122,tennis.csv,2025-09-13T21:48:26.842517,F,,,,,,2.783333333333333,0.3592814371257485,,,,,,,1.0,1.0,4.0,167.0,60.0,32.2707877657858,5.566666666666666,0.5389221556886228,,,,1.0,1.0,4.0,1
tennis,180.0,69.0,21.296296296296294,TENNIS,Naomi Osaka,180 cm,69 kg,,8.802121212121213,9.511212121212122,tennis.csv,2025-09-13T21:48:26.842517,F,,,,,,2.608695652173913,0.38333333333333336,,,,,,,2.0,1.0,4.0,180.0,69.0,31.944444444444443,5.217391304347826,0.5750000000000001,,,,2.0,1.0,4.0,1
tennis,170.0,64.0,22.145328719723185,TENNIS,Diego Schwartzman,170 cm,64 kg,,8.802121212121213,9.511212121212122,tennis.csv,2025-09-13T21:48:26.842517,M,,,,,,2.65625,0.3764705882352941,,,,,,,1.0,2.0,4.0,170.0,64.0,33.21799307958478,5.3125,0.5647058823529412,,,,1.0,2.0,4.0,1
tennis,193.0,85.0,22.819404547773097,TENNIS,Nick Kyrgios,193 cm,85 kg,,8.802121212121213,9.511212121212122,tennis.csv,2025-09-13T21:48:26.842517,M,,,,,,2.2705882352941176,0.44041450777202074,,,,,,,3.0,2.0,2.0,193.0,85.0,34.22910682165964,4.541176470588235,0.6606217616580311,,,,3.0,2.0,2.0,0
tennis,196.0,95.0,24.729279466888798,TENNIS,Matteo Berrettini,196 cm,95 kg,,8.802121212121213,9.511212121212122,tennis.csv,2025-09-13T21:48:26.842517,M,,,,,,2.0631578947368423,0.4846938775510204,,,,,,,4.0,3.0,1.0,196.0,95.0,37.0939192003332,4.126315789473685,0.7270408163265306,,,,4.0,3.0,1.0,0
tennis,188.0,77.0,21.785875961973744,TENNIS,Novak Djokovic,188 cm,77 kg,,8.802121212121213,9.511212121212122,tennis.csv,2025-09-13T21:48:26.842517,M,,,,,,2.4415584415584415,0.4095744680851064,,,,,,,3.0,1.0,3.0,188.0,77.0,32.678813942960616,4.883116883116883,0.6143617021276596,,,,3.0,1.0,3.0,0
tennis,185.0,73.0,21.32943754565376,TENNIS,Carlos Alcaraz,185 cm,73 kg,,8.802121212121213,9.511212121212122,tennis.csv,2025-09-13T21:48:26.842517,M,,,,,,2.5342465753424657,0.3945945945945946,,,,,,,2.0,1.0,4.0,185.0,73.0,31.99415631848064,5.068493150684931,0.591891891891892,,,,2.0,1.0,4.0,1
tennis,185.0,79.0,23.08254200146092,TENNIS,Jannik Sinner,185 cm,79 kg,,8.802121212121213,9.511212121212122,tennis.csv,2025-09-13T21:48:26.842517,M,,,,,,2.3417721518987342,0.42702702702702705,,,,,,,2.0,2.0,3.0,185.0,79.0,34.623813002191376,4.6835443037974684,0.6405405405405405,,,,2.0,2.0,3.0,0
tennis,198.0,90.0,22.95684113865932,TENNIS,Alexander Zverev,198 cm,90 kg,,8.802121212121213,9.511212121212122,tennis.csv,2025-09-13T21:48:26.842517,M,,,,,,2.2,0.45454545454545453,,,,,,,4.0,2.0,2.0,198.0,90.0,34.435261707988985,4.4,0.6818181818181818,,,,4.0,2.0,2.0,0
tennis,185.0,85.0,24.835646457268076,TENNIS,Rafael Nadal,185 cm,85 kg,,8.802121212121213,9.511212121212122,tennis.csv,2025-09-13T21:48:26.842517,M,,,,,,2.176470588235294,0.4594594594594595,,,,,,,2.0,3.0,2.0,185.0,85.0,37.25346968590212,4.352941176470588,0.6891891891891893,,,,2.0,3.0,2.0,0
tennis,198.0,83.0,21.17130905009693,TENNIS,Daniil Medvedev,198 cm,83 kg,,8.802121212121213,9.511212121212122,tennis.csv,2025-09-13T21:48:26.842517,M,,,,,,2.3855421686746987,0.41919191919191917,,,,,,,4.0,1.0,3.0,198.0,83.0,31.756963575145395,4.771084337349397,0.6287878787878788,,,,4.0,1.0,3.0,0
tennis,193.0,91.0,24.43018604526296,TENNIS,Stefanos Tsitsipas,193 cm,91 kg,,8.802121212121213,9.511212121212122,tennis.csv,2025-09-13T21:48:26.842517,M,,,,,,2.120879120879121,0.47150259067357514,,,,,,,3.0,3.0,2.0,193.0,91.0,36.64527906789444,4.241758241758242,0.7072538860103628,,,,3.0,3.0,2.0,0
tennis,188.0,79.0,22.351742870076958,TENNIS,Andrey Rublev,188 cm,79 kg,,8.802121212121213,9.511212121212122,tennis.csv,2025-09-13T21:48:26.842517,M,,,,,,2.3797468354430378,0.42021276595744683,,,,,,,3.0,2.0,3.0,188.0,79.0,33.527614305115435,4.7594936708860756,0.6303191489361702,,,,3.0,2.0,3.0,0
tennis,185.0,77.0,22.498173849525198,TENNIS,Casper Ruud,185 cm,77 kg,,8.802121212121213,9.511212121212122,tennis.csv,2025-09-13T21:48:26.842517,M,,,,,,2.4025974025974026,0.41621621621621624,,,,,,,2.0,2.0,3.0,185.0,77.0,33.747260774287795,4.805194805194805,0.6243243243243244,,,,2.0,2.0,3.0,0
tennis,188.0,86.0,24.332277048438208,TENNIS,Taylor Fritz,188 cm,86 kg,,8.802121212121213,9.511212121212122,tennis.csv,2025-09-13T21:48:26.842517,M,,,,,,2.186046511627907,0.4574468085106383,,,,,,,3.0,3.0,2.0,188.0,86.0,36.49841557265731,4.372093023255814,0.6861702127659575,,,,3.0,3.0,2.0,0
tennis,185.0,85.0,24.835646457268076,TENNIS,Frances Tiafoe,185 cm,85 kg,,8.802121212121213,9.511212121212122,tennis.csv,2025-09-13T21:48:26.842517,M,,,,,,2.176470588235294,0.4594594594594595,,,,,,,2.0,3.0,2.0,185.0,85.0,37.25346968590212,4.352941176470588,0.6891891891891893,,,,2.0,3.0,2.0,0
tennis,185.0,85.0,24.835646457268076,TENNIS,Roger Federer,185 cm,85 kg,,8.802121212121213,9.511212121212122,tennis.csv,2025-09-13T21:48:26.842517,M,,,,,,2.176470588235294,0.4594594594594595,,,,,,,2.0,3.0,2.0,185.0,85.0,37.25346968590212,4.352941176470588,0.6891891891891893,,,,2.0,3.0,2.0,0
track_field,168.0,60.0,21.258503401360546,SPRINTER,Blessing Okagbare,168 cm,60 kg,,8.802121212121213,9.511212121212122,track_field.csv,2025-09-13T21:48:26.844513,F,,,,,,2.8,0.35714285714285715,,,,,,,1.0,1.0,4.0,168.0,60.0,31.88775510204082,5.6,0.5357142857142857,,,,1.0,1.0,4.0,1
track_field,170.0,60.0,20.761245674740486,SPRINTER,Sha'Carri Richardson,170 cm,60 kg,,8.802121212121213,9.511212121212122,track_field.csv,2025-09-13T21:48:26.844513,F,,,,,,2.8333333333333335,0.35294117647058826,,,,,,,1.0,1.0,4.0,170.0,60.0,31.14186851211073,5.666666666666667,0.5294117647058824,,,,1.0,1.0,4.0,1
track_field,166.0,58.0,21.04804761213529,SPRINTER,Marie-Josee Ta Lou,166 cm,58 kg,,8.802121212121213,9.511212121212122,track_field.csv,2025-09-13T21:48:26.844513,F,,,,,,2.8620689655172415,0.3493975903614458,,,,,,,1.0,1.0,4.0,166.0,58.0,31.57207141820293,5.724137931034483,0.5240963855421688,,,,1.0,1.0,4.0,1
track_field,152.0,52.0,22.506925207756233,SPRINTER,Shelly-Ann Fraser,152 cm,52 kg,,8.802121212121213,9.511212121212122,track_field.csv,2025-09-13T21:48:26.844513,F,,,,,,2.923076923076923,0.34210526315789475,,,,,,,1.0,2.0,4.0,152.0,52.0,33.760387811634345,5.846153846153846,0.5131578947368421,,,,1.0,2.0,4.0,1
track_field,165.0,59.0,21.6712580348944,SPRINTER,Carmelita Jeter,165 cm,59 kg,,8.802121212121213,9.511212121212122,track_field.csv,2025-09-13T21:48:26.844513,F,,,,,,2.7966101694915255,0.3575757575757576,,,,,,,1.0,1.0,4.0,165.0,59.0,32.5068870523416,5.593220338983051,0.5363636363636364,,,,1.0,1.0,4.0,1
track_field,178.0,,,SPRINTER,Christian Malcolm,178 cm,,,8.802121212121213,9.511212121212122,track_field.csv,2025-09-13T21:48:26.844513,M,,,,,,,,,,,,,,2.0,,,178.0,,,,,,,,2.0,,,0
track_field,167.0,64.0,22.948115744558788,SPRINTER,Dina Asher-Smith,167 cm,64 kg,,8.802121212121213,9.511212121212122,track_field.csv,2025-09-13T21:48:26.844513,F,,,,,,2.609375,0.38323353293413176,,,,,,,1.0,2.0,4.0,167.0,64.0,34.42217361683818,5.21875,0.5748502994011977,,,,1.0,2.0,4.0,1
track_field,170.0,60.0,20.761245674740486,SPRINTER,Merlene Ottey,170 cm,60 kg,,8.802121212121213,9.511212121212122,track_field.csv,2025-09-13T21:48:26.844513,F,,,,,,2.8333333333333335,0.35294117647058826,,,,,,,1.0,1.0,4.0,170.0,60.0,31.14186851211073,5.666666666666667,0.5294117647058824,,,,1.0,1.0,4.0,1
track_field,170.0,64.0,22.145328719723185,HURDLER,Tobi Amusan,170 cm,64 kg,,8.802121212121213,9.511212121212122,track_field.csv,2025-09-13T21:48:26.844513,F,,,,,,2.65625,0.3764705882352941,,,,,,,1.0,2.0,4.0,170.0,64.0,33.21799307958478,5.3125,0.5647058823529412,,,,1.0,2.0,4.0,1
track_field,168.0,,,SPRINTER,Julien Alfred,168 cm,,,8.802121212121213,9.511212121212122,track_field.csv,2025-09-13T21:48:26.844513,F,,,,,,,,,,,,,,1.0,,,168.0,,,,,,,,1.0,,,0
track_field,183.0,77.0,22.99262444384723,SPRINTER,Reece Prescod,183 cm,77 kg,,8.802121212121213,9.511212121212122,track_field.csv,2025-09-13T21:48:26.844513,M,,,,,,2.3766233766233764,0.4207650273224044,,,,,,,2.0,2.0,3.0,183.0,77.0,34.488936665770844,4.753246753246753,0.6311475409836066,,,,2.0,2.0,3.0,0
track_field,168.0,60.0,21.258503401360546,SPRINTER,Tori Bowie,168 cm,60 kg,,8.802121212121213,9.511212121212122,track_field.csv,2025-09-13T21:48:26.844513,F,,,,,,2.8,0.35714285714285715,,,,,,,1.0,1.0,4.0,168.0,60.0,31.88775510204082,5.6,0.5357142857142857,,,,1.0,1.0,4.0,1
track_field,168.0,63.0,22.321428571428577,SPRINTER,Elaine Thompson-Herah,168 cm,63 kg,,8.802121212121213,9.511212121212122,track_field.csv,2025-09-13T21:48:26.844513,F,,,,,,2.6666666666666665,0.375,,,,,,,1.0,2.0,4.0,168.0,63.0,33.48214285714286,5.333333333333333,0.5625,,,,1.0,2.0,4.0,1
track_field,188.0,86.0,24.332277048438208,SPRINTER,Fred Kerley,188 cm,86 kg,,8.802121212121213,9.511212121212122,track_field.csv,2025-09-13T21:48:26.844513,M,,,,,,2.186046511627907,0.4574468085106383,,,,,,,3.0,3.0,2.0,188.0,86.0,36.49841557265731,4.372093023255814,0.6861702127659575,,,,3.0,3.0,2.0,0
track_field,183.0,78.0,23.291229956104985,SPRINTER,Kenny Bednarek,183 cm,78 kg,,8.802121212121213,9.511212121212122,track_field.csv,2025-09-13T21:48:26.844513,M,,,,,,2.3461538461538463,0.4262295081967213,,,,,,,2.0,3.0,3.0,183.0,78.0,34.93684493415748,4.6923076923076925,0.6393442622950819,,,,2.0,3.0,3.0,0
track_field,195.0,94.0,24.720578566732414,SPRINTER,Usain Bolt,195 cm,94 kg,,8.802121212121213,9.511212121212122,track_field.csv,2025-09-13T21:48:26.844513,M,,,,,,2.074468085106383,0.48205128205128206,,,,,,,4.0,3.0,1.0,195.0,94.0,37.08086785009862,4.148936170212766,0.7230769230769231,,,,4.0,3.0,1.0,0
track_field,180.0,90.0,27.777777777777775,SPRINTER,Yohan Blake,180 cm,90 kg,,8.802121212121213,9.511212121212122,track_field.csv,2025-09-13T21:48:26.844513,M,,,,,,2.0,0.5,,,,,,,2.0,4.0,1.0,180.0,90.0,41.666666666666664,4.0,0.75,,,,2.0,4.0,1.0,0
track_field,185.0,83.0,24.251278305332356,SPRINTER,Justin Gatlin,185 cm,83 kg,,8.802121212121213,9.511212121212122,track_field.csv,2025-09-13T21:48:26.844513,M,,,,,,2.2289156626506026,0.4486486486486487,,,,,,,2.0,3.0,2.0,185.0,83.0,36.37691745799853,4.457831325301205,0.672972972972973,,,,2.0,3.0,2.0,0
track_field,176.0,73.0,23.56663223140496,SPRINTER,Christian Coleman,176 cm,73 kg,,8.802121212121213,9.511212121212122,track_field.csv,2025-09-13T21:48:26.844513,M,,,,,,2.410958904109589,0.4147727272727273,,,,,,,2.0,3.0,3.0,176.0,73.0,35.34994834710744,4.821917808219178,0.6221590909090909,,,,2.0,3.0,3.0,0
track_field,173.0,75.0,25.05930702662969,SPRINTER,Trayvon Bromell,173 cm,75 kg,,8.802121212121213,9.511212121212122,track_field.csv,2025-09-13T21:48:26.844513,M,,,,,,2.3066666666666666,0.43352601156069365,,,,,,,2.0,4.0,3.0,173.0,75.0,37.58896053994454,4.613333333333333,0.6502890173410405,,,,2.0,4.0,3.0,0
track_field,178.0,83.0,26.19618735008206,SPRINTER,Tyson Gay,178 cm,83 kg,,8.802121212121213,9.511212121212122,track_field.csv,2025-09-13T21:48:26.844513,M,,,,,,2.144578313253012,0.46629213483146065,,,,,,,2.0,4.0,2.0,178.0,83.0,39.29428102512309,4.289156626506024,0.699438202247191,,,,2.0,4.0,2.0,0
track_field,176.0,75.0,24.212293388429753,SPRINTER,Andre De Grasse,176 cm,75 kg,,8.802121212121213,9.511212121212122,track_field.csv,2025-09-13T21:48:26.844513,M,,,,,,2.3466666666666667,0.42613636363636365,,,,,,,2.0,3.0,3.0,176.0,75.0,36.31844008264463,4.693333333333333,0.6392045454545454,,,,2.0,3.0,3.0,0
track_field,175.0,,,SPRINTER,Yuki Koike,175 cm,,,8.802121212121213,9.511212121212122,track_field.csv,2025-09-13T21:48:26.844513,M,,,,,,,,,,,,,,2.0,,,175.0,,,,,,,,2.0,,,0
track_field,183.0,,,SPRINTER,Letsile Tebogo,183 cm,,,8.802121212121213,9.511212121212122,track_field.csv,2025-09-13T21:48:26.844513,M,,,,,,,,,,,,,,2.0,,,183.0,,,,,,,,2.0,,,0
track_field,180.0,,,SPRINTER,Erriyon Knighton,180 cm,,,8.802121212121213,9.511212121212122,track_field.csv,2025-09-13T21:48:26.844513,M,,,,,,,,,,,,,,2.0,,,180.0,,,,,,,,2.0,,,0
track_field,188.0,88.0,24.898143956541425,SPRINTER,Asafa Powell,188 cm,88 kg,,8.802121212121213,9.511212121212122,track_field.csv,2025-09-13T21:48:26.844513,M,,,,,,2.1363636363636362,0.46808510638297873,,,,,,,3.0,4.0,2.0,188.0,88.0,37.34721593481214,4.2727272727272725,0.7021276595744681,,,,3.0,4.0,2.0,0
track_field,183.0,79.0,23.589835468362743,SPRINTER,Noah Lyles,183 cm,79 kg,,8.802121212121213,9.511212121212122,track_field.csv,2025-09-13T21:48:26.844513,M,,,,,,2.3164556962025316,0.43169398907103823,,,,,,,2.0,3.0,3.0,183.0,79.0,35.38475320254412,4.632911392405063,0.6475409836065573,,,,2.0,3.0,3.0,0
track_field,152.0,52.0,22.506925207756233,SPRINTER,Shelly-Ann Fraser-Pryce,152 cm,52 kg,,8.802121212121213,9.511212121212122,track_field.csv,2025-09-13T21:48:26.844513,F,,,,,,2.923076923076923,0.34210526315789475,,,,,,,1.0,2.0,4.0,152.0,52.0,33.760387811634345,5.846153846153846,0.5131578947368421,,,,1.0,2.0,4.0,1
volleyball,202.0,91.0,22.30173512400745,VOLLEYBALL,Amir Ghafour,202 cm,91 kg,,8.802121212121213,9.511212121212122,volleyball.csv,2025-09-13T21:48:26.848336,M,,,,,,2.21978021978022,0.4504950495049505,,,,,,,4.0,2.0,2.0,202.0,91.0,33.452602686011176,4.43956043956044,0.6757425742574258,,,,4.0,2.0,2.0,0
volleyball,197.0,88.0,22.675152670772242,VOLLEYBALL,Sergey Tetyukhin,197 cm,88 kg,,8.802121212121213,9.511212121212122,volleyball.csv,2025-09-13T21:48:26.848336,M,,,,,,2.2386363636363638,0.4467005076142132,,,,,,,4.0,2.0,2.0,197.0,88.0,34.01272900615837,4.4772727272727275,0.6700507614213198,,,,4.0,2.0,2.0,0
volleyball,196.0,87.0,22.646813827571847,VOLLEYBALL,Andrea Giani,196 cm,87 kg,,8.802121212121213,9.511212121212122,volleyball.csv,2025-09-13T21:48:26.848336,M,,,,,,2.2528735632183907,0.44387755102040816,,,,,,,4.0,2.0,2.0,196.0,87.0,33.97022074135777,4.505747126436781,0.6658163265306123,,,,4.0,2.0,2.0,0
volleyball,188.0,93.0,26.312811226799457,VOLLEYBALL,Karch Kiraly,188 cm,93 kg,,8.802121212121213,9.511212121212122,volleyball.csv,2025-09-13T21:48:26.848336,M,,,,,,2.021505376344086,0.4946808510638298,,,,,,,3.0,4.0,1.0,188.0,93.0,39.46921684019919,4.043010752688172,0.7420212765957447,,,,3.0,4.0,1.0,0
volleyball,189.0,80.0,22.395789591556788,VOLLEYBALL,Saeid Marouf,189 cm,80 kg,,8.802121212121213,9.511212121212122,volleyball.csv,2025-09-13T21:48:26.848336,M,,,,,,2.3625,0.42328042328042326,,,,,,,3.0,2.0,3.0,189.0,80.0,33.59368438733518,4.725,0.6349206349206349,,,,3.0,2.0,3.0,0
volleyball,198.0,91.0,23.21191715131109,VOLLEYBALL,Pavel Pankov,198 cm,91 kg,,8.802121212121213,9.511212121212122,volleyball.csv,2025-09-13T21:48:26.848336,M,,,,,,2.1758241758241756,0.4595959595959596,,,,,,,4.0,2.0,2.0,198.0,91.0,34.81787572696663,4.351648351648351,0.6893939393939394,,,,4.0,2.0,2.0,0
volleyball,218.0,105.0,22.0940998232472,VOLLEYBALL,Dmitry Muserskiy,218 cm,105 kg,,8.802121212121213,9.511212121212122,volleyball.csv,2025-09-13T21:48:26.848336,M,,,,,,2.0761904761904764,0.481651376146789,,,,,,,4.0,2.0,1.0,218.0,105.0,33.141149734870794,4.152380952380953,0.7224770642201834,,,,4.0,2.0,1.0,0
volleyball,186.0,80.0,23.12406058503873,VOLLEYBALL,Yuji Nishida,186 cm,80 kg,,8.802121212121213,9.511212121212122,volleyball.csv,2025-09-13T21:48:26.848336,M,,,,,,2.325,0.43010752688172044,,,,,,,3.0,2.0,3.0,186.0,80.0,34.686090877558094,4.65,0.6451612903225806,,,,3.0,2.0,3.0,0
volleyball,191.0,84.0,23.025684602944,VOLLEYBALL,Yūki Ishikawa,191 cm,84 kg,,8.802121212121213,9.511212121212122,volleyball.csv,2025-09-13T21:48:26.848336,M,,,,,,2.2738095238095237,0.4397905759162304,,,,,,,3.0,2.0,2.0,191.0,84.0,34.538526904416,4.5476190476190474,0.6596858638743456,,,,3.0,2.0,2.0,0
volleyball,193.0,90.0,24.161722462347985,VOLLEYBALL,Kunihiro Shimizu,193 cm,90 kg,,8.802121212121213,9.511212121212122,volleyball.csv,2025-09-13T21:48:26.848336,M,,,,,,2.1444444444444444,0.46632124352331605,,,,,,,3.0,3.0,2.0,193.0,90.0,36.24258369352198,4.288888888888889,0.6994818652849741,,,,3.0,3.0,2.0,0
volleyball,192.0,85.0,23.057725694444446,VOLLEYBALL,Giba,192 cm,85 kg,,8.802121212121213,9.511212121212122,volleyball.csv,2025-09-13T21:48:26.848336,M,,,,,,2.2588235294117647,0.4427083333333333,,,,,,,3.0,2.0,2.0,192.0,85.0,34.58658854166667,4.517647058823529,0.6640625,,,,3.0,2.0,2.0,0
volleyball,194.0,88.0,23.381868423849507,VOLLEYBALL,Nikola Grbić,194 cm,88 kg,,8.802121212121213,9.511212121212122,volleyball.csv,2025-09-13T21:48:26.848336,M,,,,,,2.2045454545454546,0.4536082474226804,,,,,,,4.0,3.0,2.0,194.0,88.0,35.07280263577426,4.409090909090909,0.6804123711340206,,,,4.0,3.0,2.0,0
volleyball,190.0,92.0,25.48476454293629,VOLLEYBALL,Luciano De Cecco,190 cm,92 kg,,8.802121212121213,9.511212121212122,volleyball.csv,2025-09-13T21:48:26.848336,M,,,,,,2.0652173913043477,0.4842105263157895,,,,,,,3.0,4.0,1.0,190.0,92.0,38.227146814404435,4.130434782608695,0.7263157894736842,,,,3.0,4.0,1.0,0
volleyball,202.0,95.0,23.28203117341437,VOLLEYBALL,Aleksandar Atanasijević,202 cm,95 kg,,8.802121212121213,9.511212121212122,volleyball.csv,2025-09-13T21:48:26.848336,M,,,,,,2.126315789473684,0.47029702970297027,,,,,,,4.0,2.0,2.0,202.0,95.0,34.92304676012156,4.252631578947368,0.7054455445544554,,,,4.0,2.0,2.0,0
volleyball,197.0,89.0,22.932824860212836,VOLLEYBALL,Facundo Conte,197 cm,89 kg,,8.802121212121213,9.511212121212122,volleyball.csv,2025-09-13T21:48:26.848336,M,,,,,,2.2134831460674156,0.4517766497461929,,,,,,,4.0,2.0,2.0,197.0,89.0,34.399237290319256,4.426966292134831,0.6776649746192893,,,,4.0,2.0,2.0,0
volleyball,188.0,85.0,24.049343594386603,VOLLEYBALL,Jenia Grebennikov,188 cm,85 kg,,8.802121212121213,9.511212121212122,volleyball.csv,2025-09-13T21:48:26.848336,M,,,,,,2.211764705882353,0.4521276595744681,,,,,,,3.0,3.0,2.0,188.0,85.0,36.074015391579906,4.423529411764706,0.6781914893617021,,,,3.0,3.0,2.0,0
volleyball,201.0,85.0,21.03908319101013,VOLLEYBALL,Wilfredo León,201 cm,85 kg,,8.802121212121213,9.511212121212122,volleyball.csv,2025-09-13T21:48:26.848336,M,,,,, ,2.364705882352941,0.4228855721393035,,,,,,,4.0,1.0,3.0,201.0,85.0,31.558624786515193,4.729411764705882,0.6343283582089553,,,,4.0,1.0,3.0,0
volleyball,194.0,95.0,25.241789775746625,VOLLEYBALL,Earvin N'Gapeth,194 cm,95 kg,,8.802121212121213,9.511212121212122,volleyball.csv,2025-09-13T21:48:26.848336,M,,,,,,2.042105263157895,0.4896907216494845,,,,,,,4.0,4.0,1.0,194.0,95.0,37.86268466361994,4.08421052631579,0.7345360824742267,,,,4.0,4.0,1.0,0
volleyball,202.0,92.0,22.54680913635918,VOLLEYBALL,Ivan Zaytsev,202 cm,92 kg,,8.802121212121213,9.511212121212122,volleyball.csv,2025-09-13T21:48:26.848336,M,,,,,,2.1956521739130435,0.45544554455445546,,,,,,,4.0,2.0,2.0,202.0,92.0,33.82021370453877,4.391304347826087,0.6831683168316832,,,,4.0,2.0,2.0,0
volleyball,200.0,85.0,21.25,VOLLEYBALL,Osmany Juantorena,200 cm,85 kg,,8.802121212121213,9.511212121212122,volleyball.csv,2025-09-13T21:48:26.848336,M,,,,,,2.3529411764705883,0.425,,,,,,,4.0,1.0,3.0,200.0,85.0,31.875,4.705882352941177,0.6375,,,,4.0,1.0,3.0,0
volleyball,198.0,92.0,23.46699316396286,VOLLEYBALL,Simone Giannelli,198 cm,92 kg,,8.802121212121213,9.511212121212122,volleyball.csv,2025-09-13T21:48:26.848336,M,,,,,,2.152173913043478,0.46464646464646464,,,,,,,4.0,3.0,2.0,198.0,92.0,35.200489745944296,4.304347826086956,0.696969696969697,,,,4.0,3.0,2.0,0
volleyball,190.0,76.0,21.05263157894737,VOLLEYBALL,Bruno Rezende,190 cm,76 kg,,8.802121212121213,9.511212121212122,volleyball.csv,2025-09-13T21:48:26.848336,M,,,,,,2.5,0.4,,,,,,,3.0,1.0,4.0,190.0,76.0,31.578947368421055,5.0,0.6000000000000001,,,,3.0,1.0,4.0,1
volleyball,202.0,94.0,23.03695716106264,VOLLEYBALL,Maxim Mikhaylov,202 cm,94 kg,,8.802121212121213,9.511212121212122,volleyball.csv,2025-09-13T21:48:26.848336,M,,,,,,2.148936170212766,0.46534653465346537,,,,,,,4.0,2.0,2.0,202.0,94.0,34.55543574159396,4.297872340425532,0.6980198019801981,,,,4.0,2.0,2.0,0
volleyball,202.0,86.0,21.076365062248797,VOLLEYBALL,Matthew Anderson,202 cm,86 kg,,8.802121212121213,9.511212121212122,volleyball.csv,2025-09-13T21:48:26.848336,M,,,,,,2.3488372093023258,0.42574257425742573,,,,,,,4.0,1.0,3.0,202.0,86.0,31.614547593373196,4.6976744186046515,0.6386138613861386,,,,4.0,1.0,3.0,0
volleyball,198.0,88.0,22.44668911335578,VOLLEYBALL,Micah Christenson,198 cm,88 kg,,8.802121212121213,9.511212121212122,volleyball.csv,2025-09-13T21:48:26.848336,M,,,,,,2.25,0.4444444444444444,,,,,,,4.0,2.0,2.0,198.0,88.0,33.670033670033675,4.5,0.6666666666666666,,,,4.0,2.0,2.0,0
volleyball,196.0,80.0,20.824656393169516,VOLLEYBALL,Taylor Sander,196 cm,80 kg,,8.802121212121213,9.511212121212122,volleyball.csv,2025-09-13T21:48:26.848336,M,,,,,,2.45,0.40816326530612246,,,,,,,4.0,1.0,3.0,196.0,80.0,31.23698458975427,4.9,0.6122448979591837,,,,4.0,1.0,3.0,0
volleyball,206.0,110.0,25.921387501178245,VOLLEYBALL,Tsvetan Sokolov,206 cm,110 kg,,8.802121212121213,9.511212121212122,volleyball.csv,2025-09-13T21:48:26.848336,M,,,,,,1.8727272727272728,0.5339805825242718,,,,,,,4.0,4.0,1.0,206.0,110.0,38.88208125176737,3.7454545454545456,0.8009708737864077,,,,4.0,4.0,1.0,0
volleyball,201.0,95.0,23.514269448776027,VOLLEYBALL,Yoandy Leal,201 cm,95 kg,,8.802121212121213,9.511212121212122,volleyball.csv,2025-09-13T21:48:26.848336,M,,,,,,2.1157894736842104,0.472636815920398,,,,,,,4.0,3.0,1.0,201.0,95.0,35.27140417316404,4.231578947368421,0.7089552238805971,,,,4.0,3.0,1.0,0
volleyball,209.0,90.0,20.603923902841057,VOLLEYBALL,Egor Kliuka,209 cm,90 kg,,8.802121212121213,9.511212121212122,volleyball.csv,2025-09-13T21:48:26.848336,M,,,,,,2.3222222222222224,0.430622009569378,,,,,,,4.0,1.0,3.0,209.0,90.0,30.905885854261584,4.644444444444445,0.645933014354067,,,,4.0,1.0,3.0,0
volleyball,198.0,93.0,23.72206917661463,VOLLEYBALL,Wallace de Souza,198 cm,93 kg,,8.802121212121213,9.511212121212122,volleyball.csv,2025-09-13T21:48:26.848336,M,,,,,,2.129032258064516,0.4696969696969697,,,,,,,4.0,3.0,2.0,198.0,93.0,35.583103764921944,4.258064516129032,0.7045454545454546,,,,4.0,3.0,2.0,0
weightlifting,174.0,81.0,26.7538644470868,WEIGHTLIFTER,Karlos Nasar,174 cm,81 kg,,8.802121212121213,9.511212121212122,weightlifting.csv,2025-09-13T21:48:26.851338,M,,,,,,2.1481481481481484,0.46551724137931033,,,,,,,2.0,4.0,2.0,174.0,81.0,40.130796670630204,4.296296296296297,0.6982758620689655,,,,2.0,4.0,2.0,0
weightlifting,165.0,69.0,25.344352617079892,WEIGHTLIFTER,Daniyar Ismayilov,165 cm,69 kg,,8.802121212121213,9.511212121212122,weightlifting.csv,2025-09-13T21:48:26.851338,M,,,,,,2.391304347826087,0.41818181818181815,,,,,,,1.0,4.0,3.0,165.0,69.0,38.01652892561984,4.782608695652174,0.6272727272727272,,,,1.0,4.0,3.0,0
weightlifting,170.0,73.0,25.25951557093426,WEIGHTLIFTER,Clarence Cummings Jr.,170 cm,73 kg,,8.802121212121213,9.511212121212122,weightlifting.csv,2025-09-13T21:48:26.851338,M,,,,,,2.328767123287671,0.4294117647058823,,,,,,,1.0,4.0,3.0,170.0,73.0,37.88927335640139,4.657534246575342,0.6441176470588235,,,,1.0,4.0,3.0,0
weightlifting,167.0,77.0,27.60945175517229,WEIGHTLIFTER,Mohamed Ehab,167 cm,77 kg,,8.802121212121213,9.511212121212122,weightlifting.csv,2025-09-13T21:48:26.851338,M,,,,,,2.168831168831169,0.46107784431137727,,,,,,,1.0,4.0,2.0,167.0,77.0,41.41417763275844,4.337662337662338,0.6916167664670659,,,,1.0,4.0,2.0,0
weightlifting,168.0,67.0,23.738662131519277,WEIGHTLIFTER,Chen Lijun,168 cm,67 kg,,8.802121212121213,9.511212121212122,weightlifting.csv,2025-09-13T21:48:26.851338,M,,,,,,2.5074626865671643,0.39880952380952384,,,,,,,1.0,3.0,4.0,168.0,67.0,35.607993197278915,5.014925373134329,0.5982142857142858,,,,1.0,3.0,4.0,0
weightlifting,181.0,110.0,33.576508653582,WEIGHTLIFTER,Yury Zakharevich,181 cm,110 kg,,8.802121212121213,9.511212121212122,weightlifting.csv,2025-09-13T21:48:26.851338,M,,,,,,1.6454545454545455,0.6077348066298343,,,,,,,2.0,4.0,1.0,181.0,110.0,50.364762980373,3.290909090909091,0.9116022099447514,,,,2.0,4.0,1.0,0
weightlifting,170.0,77.0,26.643598615916957,WEIGHTLIFTER,Georgi Asanidze,170 cm,77 kg,,8.802121212121213,9.511212121212122,weightlifting.csv,2025-09-13T21:48:26.851338,M,,,,,,2.207792207792208,0.45294117647058824,,,,,,,1.0,4.0,2.0,170.0,77.0,39.965397923875436,4.415584415584416,0.6794117647058824,,,,1.0,4.0,2.0,0
weightlifting,181.0,125.0,38.15512346997955,WEIGHTLIFTER,Anatoly Pisarenko,181 cm,125 kg,,8.802121212121213,9.511212121212122,weightlifting.csv,2025-09-13T21:48:26.851338,M,,,,,,1.448,0.6906077348066298,,,,,,,2.0,4.0,1.0,181.0,125.0,57.23268520496933,2.896,1.0359116022099448,,,,2.0,4.0,1.0,0
weightlifting,175.0,85.0,27.755102040816325,WEIGHTLIFTER,Hristo Plachkov,175 cm,85 kg,,8.802121212121213,9.511212121212122,weightlifting.csv,2025-09-13T21:48:26.851338,M,,,,,,2.0588235294117645,0.4857142857142857,,,,,,,2.0,4.0,1.0,175.0,85.0,41.63265306122449,4.117647058823529,0.7285714285714285,,,,2.0,4.0,1.0,0
weightlifting,170.0,69.0,23.87543252595156,WEIGHTLIFTER,Oleg Chen,170 cm,69 kg,,8.802121212121213,9.511212121212122,weightlifting.csv,2025-09-13T21:48:26.851338,M,,,,,,2.463768115942029,0.40588235294117647,,,,,,,1.0,3.0,3.0,170.0,69.0,35.813148788927336,4.927536231884058,0.6088235294117648,,,,1.0,3.0,3.0,0
weightlifting,164.0,69.0,25.654372397382513,WEIGHTLIFTER,Tigran Martirosyan,164 cm,69 kg,,8.802121212121213,9.511212121212122,weightlifting.csv,2025-09-13T21:48:26.851338,M,,,,,,2.3768115942028984,0.42073170731707316,,,,,,,1.0,4.0,3.0,164.0,69.0,38.48155859607377,4.753623188405797,0.6310975609756098,,,,1.0,4.0,3.0,0
weightlifting,182.0,105.0,31.69907016060862,WEIGHTLIFTER,Andrei Aramnau,182 cm,105 kg,,8.802121212121213,9.511212121212122,weightlifting.csv,2025-09-13T21:48:26.851338,M,,,,,,1.7333333333333334,0.5769230769230769,,,,,,,2.0,4.0,1.0,182.0,105.0,47.548605240912934,3.466666666666667,0.8653846153846153,,,,2.0,4.0,1.0,0
weightlifting,170.0,69.0,23.87543252595156,WEIGHTLIFTER,Valentin Hristov,170 cm,69 kg,,8.802121212121213,9.511212121212122,weightlifting.csv,2025-09-13T21:48:26.851338,M,,,,,,2.463768115942029,0.40588235294117647,,,,,,,1.0,3.0,3.0,170.0,69.0,35.813148788927336,4.927536231884058,0.6088235294117648,,,,1.0,3.0,3.0,0
weightlifting,180.0,94.0,29.012345679012345,WEIGHTLIFTER,Kakhi Kakhiashvili,180 cm,94 kg,,8.802121212121213,9.511212121212122,weightlifting.csv,2025-09-13T21:48:26.851338,M,,,,,,1.9148936170212767,0.5222222222222223,,,,,,,2.0,4.0,1.0,180.0,94.0,43.51851851851852,3.8297872340425534,0.7833333333333334,,,,2.0,4.0,1.0,0
weightlifting,168.0,73.0,25.86451247165533,WEIGHTLIFTER,Shi Zhiyong,168 cm,73 kg,,8.802121212121213,9.511212121212122,weightlifting.csv,2025-09-13T21:48:26.851338,M,,,,,,2.3013698630136985,0.43452380952380953,,,,,,,1.0,4.0,3.0,168.0,73.0,38.796768707483,4.602739726027397,0.6517857142857143,,,,1.0,4.0,3.0,0
weightlifting,170.0,82.0,28.373702422145332,WEIGHTLIFTER,Yurik Vardanyan,170 cm,82 kg,,8.802121212121213,9.511212121212122,weightlifting.csv,2025-09-13T21:48:26.851338,M,,,,,,2.073170731707317,0.4823529411764706,,,,,,,1.0,4.0,1.0,170.0,82.0,42.560553633218,4.146341463414634,0.7235294117647059,,,,1.0,4.0,1.0,0
weightlifting,180.0,110.0,33.95061728395061,WEIGHTLIFTER,Leonid Taranenko,180 cm,110 kg,,8.802121212121213,9.511212121212122,weightlifting.csv,2025-09-13T21:48:26.851338,M,,,,,,1.6363636363636365,0.6111111111111112,,,,,,,2.0,4.0,1.0,180.0,110.0,50.925925925925924,3.272727272727273,0.9166666666666667,,,,2.0,4.0,1.0,0
weightlifting,173.0,85.0,28.40054796351365,WEIGHTLIFTER,Pyrros Dimas,173 cm,85 kg,,8.802121212121213,9.511212121212122,weightlifting.csv,2025-09-13T21:48:26.851338,M,,,,,,2.0352941176470587,0.4913294797687861,,,,,,,2.0,4.0,1.0,173.0,85.0,42.600821945270475,4.070588235294117,0.7369942196531791,,,,2.0,4.0,1.0,0
weightlifting,180.0,93.0,28.703703703703702,WEIGHTLIFTER,Akakios Kakiasvilis,180 cm,93 kg,,8.802121212121213,9.511212121212122,weightlifting.csv,2025-09-13T21:48:26.851338,M,,,,,,1.935483870967742,0.5166666666666667,,,,,,,2.0,4.0,1.0,180.0,93.0,43.05555555555556,3.870967741935484,0.7750000000000001,,,,2.0,4.0,1.0,0
weightlifting,175.0,85.0,27.755102040816325,WEIGHTLIFTER,Kianoush Rostami,175 cm,85 kg,,8.802121212121213,9.511212121212122,weightlifting.csv,2025-09-13T21:48:26.851338,M,,,,,,2.0588235294117645,0.4857142857142857,,,,,,,2.0,4.0,1.0,175.0,85.0,41.63265306122449,4.117647058823529,0.7285714285714285,,,,2.0,4.0,1.0,0
weightlifting,150.0,56.0,24.88888888888889,WEIGHTLIFTER,Halil Mutlu,150 cm,56 kg,,8.802121212121213,9.511212121212122,weightlifting.csv,2025-09-13T21:48:26.851338,M,,,,,,2.6785714285714284,0.37333333333333335,,,,,,,1.0,3.0,4.0,150.0,56.0,37.333333333333336,5.357142857142857,0.56,,,,1.0,3.0,4.0,1
weightlifting,147.0,62.0,28.691748808366885,WEIGHTLIFTER,Naim Süleymanoğlu,147 cm,62 kg,,8.802121212121213,9.511212121212122,weightlifting.csv,2025-09-13T21:48:26.851338,M,,,,,,2.370967741935484,0.4217687074829932,,,,,,,1.0,4.0,3.0,147.0,62.0,43.03762321255033,4.741935483870968,0.6326530612244898,,,,1.0,4.0,3.0,0
weightlifting,174.0,104.0,34.35064077156824,WEIGHTLIFTER,Ilya Ilyin,174 cm,104 kg,,8.802121212121213,9.511212121212122,weightlifting.csv,2025-09-13T21:48:26.851338,M,,,,,,1.6730769230769231,0.5977011494252874,,,,,,,2.0,4.0,1.0,174.0,104.0,51.525961157352356,3.3461538461538463,0.896551724137931,,,,2.0,4.0,1.0,0
weightlifting,172.0,81.0,27.379664683612766,WEIGHTLIFTER,Lü Xiaojun,172 cm,81 kg,,8.802121212121213,9.511212121212122,weightlifting.csv,2025-09-13T21:48:26.851338,M,,,,,,2.123456790123457,0.47093023255813954,,,,,,,2.0,4.0,2.0,172.0,81.0,41.06949702541915,4.246913580246914,0.7063953488372093,,,,2.0,4.0,2.0,0
weightlifting,186.0,152.0,43.935715111573586,WEIGHTLIFTER,Hossein Rezazadeh,186 cm,152 kg,,8.802121212121213,9.511212121212122,weightlifting.csv,2025-09-13T21:48:26.851338,M,,,,,,1.2236842105263157,0.8172043010752689,,,,,,,3.0,4.0,1.0,186.0,152.0,65.90357266736038,2.4473684210526314,1.2258064516129032,,,,3.0,4.0,1.0,2
weightlifting,197.0,,,WEIGHTLIFTER,Behdad Salimi,197 cm,,,8.802121212121213,9.511212121212122,weightlifting.csv,2025-09-13T21:48:26.851338,M,,,,,,,,,,,,,,4.0,,,197.0,,,,,,,,4.0,,,0
weightlifting,197.0,183.0,47.15401066762864,WEIGHTLIFTER,Lasha Talakhadze,197 cm,183 kg,,8.802121212121213,9.511212121212122,weightlifting.csv,2025-09-13T21:48:26.851338,M,,,,,,1.0765027322404372,0.9289340101522843,,,,,,,4.0,4.0,1.0,197.0,183.0,70.73101600144295,2.1530054644808745,1.3934010152284264,,,,4.0,4.0,1.0,2
weightlifting,168.0,82.0,29.053287981859416,WEIGHTLIFTER,Blagoy Blagoev,168 cm,82 kg,,8.802121212121213,9.511212121212122,weightlifting.csv,2025-09-13T21:48:26.851338,M,,,,,,2.048780487804878,0.4880952380952381,,,,,,,1.0,4.0,1.0,168.0,82.0,43.579931972789126,4.097560975609756,0.7321428571428571,,,,1.0,4.0,1.0,0
weightlifting,185.0,160.0,46.74945215485756,WEIGHTLIFTER,Vasily Alekseyev,185 cm,160 kg,,8.802121212121213,9.511212121212122,weightlifting.csv,2025-09-13T21:48:26.851338,M,,,,,,1.15625,0.8648648648648649,,,,,,,2.0,4.0,1.0,185.0,160.0,70.12417823228634,2.3125,1.2972972972972974,,,,2.0,4.0,1.0,2
weightlifting,160.0,52.0,20.312499999999996,WEIGHTLIFTER,Ivan Ivanov,160 cm,52 kg,,8.802121212121213,9.511212121212122,weightlifting.csv,2025-09-13T21:48:26.851338,M,,,,,,3.076923076923077,0.325,,,,,,,1.0,1.0,4.0,160.0,52.0,30.468749999999993,6.153846153846154,0.48750000000000004,,,,1.0,1.0,4.0,1
