sport,height_cm,weight_kg,bmi,position,Player,height,weight,Wingspan,Hand Length,Hand Width,source_file,processed_date,Sex,Arm Span,Leg Length,Torso Length,Spike Reach,Block Reach,height_weight_ratio,weight_height_ratio,arm_span,arm_span_ratio,leg_length,leg_length_ratio,torso_length,torso_length_ratio,bmi_category,size_archetype,build_archetype,composition_archetype,weighted_height_cm,weighted_weight_kg,weighted_bmi,weighted_height_weight_ratio,weighted_weight_height_ratio,weighted_arm_span_ratio,weighted_leg_length_ratio,weighted_torso_length_ratio,cluster
basketball,205.74,99.9716768,23.61780352885504,Center,Izan Almansa,"6'9.25""",220.4 lbs,"7'1.75""",9.25,9.5,basketball.csv,2025-09-13T21:48:26.820026,,,,,,,2.05798288660894,0.4859126898026635,,,,,,,normal,very_tall,balanced,normal,308.61,119.96601215999999,42.51204635193907,3.08697432991341,0.7288690347039952,,,,0
basketball,198.12,99.0644928,25.23837457931326,PG-SG,Adou Thiero,"6'6.25""",218.4 lbs,"7'0.00""",9.0,10.25,basketball.csv,2025-09-13T21:48:26.820026,,,,,,,1.999909295452427,0.5000226771653543,,,,,,,overweight,very_tall,heavy,muscular,297.18,118.87739135999999,45.42907424276387,2.9998639431786405,0.7500340157480314,,,,0
basketball,193.04,86.3639168,23.17595892809514,PG-SG,Tre Johnson,"6'4.75""",190.4 lbs,"6'10.25""",8.5,8.0,basketball.csv,2025-09-13T21:48:26.820026,,,,,,,2.2351927419762414,0.44738871114794865,,,,,,,normal,very_tall,balanced,normal,289.56,103.63670015999999,41.716726070571255,3.352789112964362,0.671083066721923,,,,0
basketball,193.04,98.7016192,26.486810203537306,Shooting Guard,Sion James,"6'4.50""",217.6 lbs,"6'6.50""",8.25,9.25,basketball.csv,2025-09-13T21:48:26.820026,,,,,,,1.9557936492292114,0.5113013841690841,,,,,,,overweight,very_tall,heavy,muscular,289.56,118.44194303999998,47.67625836636715,2.933690473843817,0.7669520762536262,,,,0
basketball,193.04,93.0770784,24.977451533850438,PG-SG,Kasparas Jakucionis,"6'4.75""",205.2 lbs,"6'7.75""",8.5,9.75,basketball.csv,2025-09-13T21:48:26.820026,,,,,,,2.0739800100988126,0.48216472440944885,,,,,,,normal,very_tall,balanced,normal,289.56,111.69249408,44.95941276093079,3.1109700151482187,0.7232470866141733,,,,0
basketball,195.58,87.7246928,22.93363902632679,Shooting Guard,Ben Henshall,"6'5.50""",193.4 lbs,"6'6.50""",8.0,8.0,basketball.csv,2025-09-13T21:48:26.820026,,,,,,,2.229474891931454,0.4485361120768995,,,,,,,normal,very_tall,balanced,normal,293.37,105.26963135999999,41.28055024738823,3.344212337897181,0.6728041681153492,,,,0
basketball,187.96,85.9103248,24.317251600171566,Shooting Guard,PJ Haggerty,"6'2.25""",189.4 lbs,"6'6.50""",8.5,9.5,basketball.csv,2025-09-13T21:48:26.820026,,,,,,,2.187862756165485,0.4570670610768248,,,,,,,normal,tall,balanced,normal,281.94,103.09238975999999,43.77105288030882,3.2817941342482273,0.6856005916152372,,,,0
basketball,198.12,101.0149384,25.735283968924282,Small Forward,Hugo González,"6'6.25""",222.7 lbs,"6'10.75""",10.25,9.0,basketball.csv,2025-09-13T21:48:26.820026,,,,,,,1.961294073313022,0.5098674459923279,,,,,,,overweight,very_tall,heavy,muscular,297.18,121.21792608,46.32351114406371,2.941941109969533,0.7648011689884919,,,,0
basketball,213.36,114.9402128,25.249105180750043,Center,Vladislav Goldin,"7'0.00""",253.4 lbs,"7'5.25""",9.5,11.75,basketball.csv,2025-09-13T21:48:26.820026,,,,,,,1.85626940130391,0.5387149081364829,,,,,,,overweight,very_tall,heavy,muscular,320.04,137.92825535999998,45.44838932535008,2.784404101955865,0.8080723622047243,,,,0
basketball,203.2,105.4147808,25.53019328538657,SF-PF,Rasheer Fleming,"6'8.25""",232.4 lbs,"7'5.25""",9.5,9.5,basketball.csv,2025-09-13T21:48:26.820026,,,,,,,1.9276234173035436,0.5187735275590551,,,,,,,overweight,very_tall,heavy,muscular,304.79999999999995,126.49773696,45.95434791369583,2.8914351259553155,0.7781602913385828,,,,0
basketball,187.96,78.1992608,22.134604941233256,Point Guard,Boogie Fland,"6'2.00""",172.4 lbs,"6'6.00""",8.5,9.0,basketball.csv,2025-09-13T21:48:26.820026,,,,,,,2.4036032831655616,0.4160420344754203,,,,,,,normal,tall,balanced,normal,281.94,93.83911296000001,39.84228889421986,3.6054049247483424,0.6240630517131305,,,,0
basketball,200.66,100.243832,24.8963708310368,SF-PF,Cooper Flagg,"6'7.75""",221.0 lbs,"7'0.00""",8.75,9.75,basketball.csv,2025-09-13T21:48:26.820026,,,,,,,2.0017191681179947,0.49957057709558456,,,,,,,normal,very_tall,balanced,normal,300.99,120.29259839999999,44.81346749586624,3.002578752176992,0.7493558656433769,,,,0
basketball,187.96,81.4651232,23.059019996783597,PG-SG,Jeremiah Fears,"6'2.50""",179.6 lbs,"6'5.25""",8.25,9.25,basketball.csv,2025-09-13T21:48:26.820026,,,,,,,2.307245022370506,0.43341733985954456,,,,,,,normal,tall,balanced,normal,281.94,97.75814783999999,41.50623599421048,3.460867533555759,0.6501260097893169,,,,0
basketball,208.28,92.532768,21.33046954969579,Power Forward,Noa Essengue,"6'10.00""",204.0 lbs,"7'1.00""",8.97,10.62,basketball.csv,2025-09-13T21:48:26.820026,,,,,,,2.2508783050778294,0.444271019781064,,,,,,,normal,very_tall,balanced,normal,312.42,111.03932160000001,38.39484518945242,3.376317457616744,0.666406529671596,,,,0
basketball,193.04,87.6339744,23.516781853508306,PG-SG,VJ Edgecombe,"6'4.00""",193.2 lbs,"6'7.50""",8.5,9.5,basketball.csv,2025-09-13T21:48:26.820026,,,,,,,2.202798644266441,0.45396795690012437,,,,,,,normal,very_tall,balanced,normal,289.56,105.16076928,42.33020733631495,3.304197966399662,0.6809519353501865,,,,0
basketball,193.04,96.7058144,25.95123132074519,PG-SG,Dylan Harper,"6'4.50""",213.2 lbs,"6'10.50""",9.25,9.25,basketball.csv,2025-09-13T21:48:26.820026,,,,,,,1.9961571204140545,0.5009625694156651,,,,,,,overweight,very_tall,heavy,muscular,289.56,116.04697728,46.71221637734134,2.994235680621082,0.7514438541234976,,,,0
basketball,203.2,90.3555264,21.88302281604563,PG-SG,Egor Demin,"6'8.25""",199.2 lbs,"6'10.25""",8.25,9.25,basketball.csv,2025-09-13T21:48:26.820026,,,,,,,2.248893986854134,0.4446630236220473,,,,,,,normal,very_tall,balanced,normal,304.79999999999995,108.42663168,39.389441068882135,3.3733409802812013,0.666994535433071,,,,0
basketball,195.58,96.615096,25.257834087940054,PG-SG,Cedric Coward,"6'5.25""",213.0 lbs,"7'2.25""",9.25,10.0,basketball.csv,2025-09-13T21:48:26.820026,,,,,,,2.0243213338006725,0.49399271909193165,,,,,,,overweight,very_tall,balanced,muscular,293.37,115.93811519999998,45.4641013582921,3.0364820007010085,0.7409890786378974,,,,0
basketball,210.82,100.6067056,22.63618893328656,SF-PF,Alex Condon,"6'11.25""",221.8 lbs,"7'0.75""",9.25,9.75,basketball.csv,2025-09-13T21:48:26.820026,,,,,,,2.0954865656589,0.4772161350915473,,,,,,,normal,very_tall,balanced,normal,316.23,120.72804672,40.745140079915814,3.1432298484883496,0.7158242026373209,,,,0
basketball,195.58,91.625584,23.953438900299957,PG-SG,Nique Clifford,"6'5.25""",202.0 lbs,"6'8.00""",8.25,8.5,basketball.csv,2025-09-13T21:48:26.820026,,,,,,,2.1345566539581347,0.46848135801206664,,,,,,,normal,very_tall,balanced,normal,293.37,109.9507008,43.116190020539925,3.201834980937202,0.7027220370181,,,,0
basketball,187.96,90.264808,25.54980500757203,PG-SG,Walter Clayton Jr.,"6'2.00""",199.0 lbs,"6'4.00""",8.25,9.75,basketball.csv,2025-09-13T21:48:26.820026,,,,,,,2.082317618179612,0.48023413492232386,,,,,,,overweight,tall,balanced,muscular,281.94,108.3177696,45.98964901362965,3.123476427269418,0.7203512023834858,,,,0
basketball,193.04,82.46302560000001,22.129145657183283,Shooting Guard,Miles Byrd,"6'4.75""",181.8 lbs,"6'10.00""",8.75,9.25,basketball.csv,2025-09-13T21:48:26.820026,,,,,,,2.340927932190739,0.4271810277662661,,,,,,,normal,very_tall,balanced,normal,289.56,98.95563072,39.83246218292991,3.5113918982861083,0.6407715416493991,,,,0
basketball,198.12,97.4315616,24.822357415917985,SF-PF,Carter Bryant,"6'6.50""",214.8 lbs,"6'11.75""",8.5,9.5,basketball.csv,2025-09-13T21:48:26.820026,,,,,,,2.0334273283371043,0.49178054512416713,,,,,,,normal,very_tall,balanced,normal,297.18,116.91787391999999,44.680243348652375,3.050140992505656,0.7376708176862508,,,,0
basketball,205.74,113.1258448,26.725409256335965,SF-PF,Johni Broome,"6'9.25""",249.4 lbs,"7'0.25""",9.25,10.25,basketball.csv,2025-09-13T21:48:26.820026,,,,,,,1.818682550956738,0.5498485700398561,,,,,,,overweight,very_tall,heavy,muscular,308.61,135.75101375999998,48.10573666140474,2.728023826435107,0.8247728550597841,,,,0
basketball,195.58,91.5348656,23.929722624161048,Shooting Guard,Koby Brea,"6'5.75""",201.8 lbs,"6'5.25""",8.5,9.25,basketball.csv,2025-09-13T21:48:26.820026,,,,,,,2.136672170959084,0.46801751508334183,,,,,,,normal,very_tall,balanced,normal,293.37,109.84183872,43.073500723489886,3.205008256438626,0.7020262726250127,,,,0
basketball,210.82,106.5034016,23.962926787807415,Center,Joan Beringer,"6'11.00""",234.8 lbs,"7'4.50""",9.75,10.0,basketball.csv,2025-09-13T21:48:26.820026,,,,,,,1.9794672924324699,0.505186422540556,,,,,,,normal,very_tall,heavy,normal,316.23,127.80408192,43.133268218053345,2.969200938648705,0.757779633810834,,,,0
basketball,190.5,86.8175088,23.923094715522765,Shooting Guard,Tamar Bates,"6'3.75""",191.4 lbs,"6'10.25""",9.75,9.0,basketball.csv,2025-09-13T21:48:26.820026,,,,,,,2.1942578476750763,0.45573495433070865,,,,,,,normal,very_tall,balanced,normal,285.75,104.18101055999999,43.061570487940976,3.2913867715126144,0.6836024314960629,,,,0
basketball,200.66,91.9884576,22.846081468480833,SF-PF,Ace Bailey,"6'7.50""",202.8 lbs,"7'0.50""",8.5,9.0,basketball.csv,2025-09-13T21:48:26.820026,,,,,,,2.1813606319234555,0.45842947074653645,,,,,,,normal,very_tall,balanced,normal,300.99,110.38614912,41.1229466432655,3.2720409478851833,0.6876442061198047,,,,0
basketball,200.66,89.7204976,22.282815160086333,Small Forward,Neoklis Avdalas,"6'7.50""",197.8 lbs,"6'9.00""",8.25,9.75,basketball.csv,2025-09-13T21:48:26.820026,,,,,,,2.2365011939033206,0.44712696900229243,,,,,,,normal,very_tall,balanced,normal,300.99,107.66459712,40.1090672881554,3.354751790854981,0.6706904535034386,,,,0
basketball,200.66,117.2988912,29.132133470163428,Power Forward,Eric Dixon,"6'7.50""",258.6 lbs,"6'11.50""",8.75,10.0,basketball.csv,2025-09-13T21:48:26.820026,,,,,,,1.7106726069376519,0.5845653902122995,,,,,,,overweight,very_tall,heavy,muscular,300.99,140.75866944,52.43784024629417,2.566008910406478,0.8768480853184493,,,,1
basketball_test_missing,208.28,99.79024,23.003447553593496,PF,Test Player 5,"6'10.00""",220.0 lbs,,8.802121212121213,10.0,basketball_test_missing.csv,2025-09-13T21:48:26.823027,,,,,,,2.0871780647085325,0.4791158056462454,,,,,,,normal,very_tall,balanced,normal,312.42,119.74828799999999,41.4062055964683,3.1307670970627988,0.7186737084693681,,,,0
basketball_test_missing,203.2,,,SF,Test Player 3,"6'8.00""",,"6'11.00""",9.0,9.511212121212122,basketball_test_missing.csv,2025-09-13T21:48:26.823027,,,,,,,,,,,,,,,,very_tall,,,304.79999999999995,,,,,,,,0
basketball_test_missing,187.96,81.64656,23.110376388758617,PG,Test Player 1,"6'2.00""",180.0 lbs,,8.25,9.511212121212122,basketball_test_missing.csv,2025-09-13T21:48:26.823027,,,,,,,2.3021178112096825,0.434382634603107,,,,,,,normal,tall,balanced,normal,281.94,97.975872,41.598677499765515,3.4531767168145238,0.6515739519046605,,,,0
basketball_test_missing,,113.398,,C,Test Player 2,,250.0 lbs,"7'2.00""",8.802121212121213,9.5,basketball_test_missing.csv,2025-09-13T21:48:26.823027,,,,,,,,,,,,,,,,,,,,136.0776,,,,,,,0
distance_running,165.0,52.0,19.100091827364558,DISTANCE RUNNER,Ruth Chepngetich 2,165 cm,52 kg,,8.802121212121213,9.511212121212122,distance_running.csv,2025-09-13T21:48:26.825280,F,,,,,,3.173076923076923,0.3151515151515151,,,,,,,normal,medium,very_lean,lean,247.5,62.4,34.380165289256205,4.759615384615384,0.47272727272727266,,,,0
distance_running,170.0,54.0,18.68512110726644,DISTANCE RUNNER,Paula Radcliffe 2,170 cm,54 kg,,8.802121212121213,9.511212121212122,distance_running.csv,2025-09-13T21:48:26.825280,F,,,,,,3.1481481481481484,0.3176470588235294,,,,,,,normal,medium,very_lean,lean,255.0,64.8,33.63321799307959,4.722222222222222,0.4764705882352941,,,,0
distance_running,170.0,57.0,19.723183391003463,DISTANCE RUNNER,Geoffrey Kamworor,170 cm,57 kg,,8.802121212121213,9.511212121212122,distance_running.csv,2025-09-13T21:48:26.825280,M,,,,,,2.982456140350877,0.3352941176470588,,,,,,,normal,medium,lean,lean,255.0,68.39999999999999,35.50173010380623,4.473684210526316,0.5029411764705882,,,,0
distance_running,170.0,62.0,21.453287197231838,DISTANCE RUNNER,Bernard Lagat,170 cm,62 kg,,8.802121212121213,9.511212121212122,distance_running.csv,2025-09-13T21:48:26.825280,M,,,,,,2.7419354838709675,0.36470588235294116,,,,,,,normal,medium,lean,normal,255.0,74.39999999999999,38.61591695501731,4.112903225806451,0.5470588235294117,,,,0
distance_running,168.0,,,DISTANCE RUNNER,Abel Kirui,168 cm,,,8.802121212121213,9.511212121212122,distance_running.csv,2025-09-13T21:48:26.825280,M,,,,,,,,,,,,,,,medium,,,252.0,,,,,,,,0
distance_running,157.0,47.0,19.067710657633167,DISTANCE RUNNER,Yuki Kawauchi,157 cm,47 kg,,8.802121212121213,9.511212121212122,distance_running.csv,2025-09-13T21:48:26.825280,M,,,,,,3.3404255319148937,0.29936305732484075,,,,,,,normal,short,very_lean,lean,235.5,56.4,34.3218791837397,5.01063829787234,0.44904458598726116,,,,0
distance_running,164.0,48.0,17.846519928613922,DISTANCE RUNNER,Catherine Ndereba,164 cm,48 kg,,8.802121212121213,9.511212121212122,distance_running.csv,2025-09-13T21:48:26.825280,F,,,,,,3.4166666666666665,0.2926829268292683,,,,,,,underweight,medium,very_lean,lean,246.0,57.599999999999994,32.12373587150506,5.125,0.4390243902439024,,,,0
distance_running,157.0,47.0,19.067710657633167,DISTANCE RUNNER,Deena Kastor,157 cm,47 kg,,8.802121212121213,9.511212121212122,distance_running.csv,2025-09-13T21:48:26.825280,F,,,,,,3.3404255319148937,0.29936305732484075,,,,,,,normal,short,very_lean,lean,235.5,56.4,34.3218791837397,5.01063829787234,0.44904458598726116,,,,0
distance_running,178.0,63.0,19.883853048857468,DISTANCE RUNNER,Galen Rupp,178 cm,63 kg,,8.802121212121213,9.511212121212122,distance_running.csv,2025-09-13T21:48:26.825280,M,,,,,,2.8253968253968256,0.3539325842696629,,,,,,,normal,tall,lean,lean,267.0,75.6,35.79093548794344,4.238095238095238,0.5308988764044944,,,,0
distance_running,165.0,52.0,19.100091827364558,DISTANCE RUNNER,Ruth Chepngetich,165 cm,52 kg,,8.802121212121213,9.511212121212122,distance_running.csv,2025-09-13T21:48:26.825280,F,,,,,,3.173076923076923,0.3151515151515151,,,,,,,normal,medium,very_lean,lean,247.5,62.4,34.380165289256205,4.759615384615384,0.47272727272727266,,,,0
distance_running,158.0,47.0,18.82711103989745,DISTANCE RUNNER,Mary Keitany,158 cm,47 kg,,8.802121212121213,9.511212121212122,distance_running.csv,2025-09-13T21:48:26.825280,F,,,,,,3.3617021276595747,0.2974683544303797,,,,,,,normal,short,very_lean,lean,237.0,56.4,33.88879987181541,5.042553191489362,0.44620253164556956,,,,0
distance_running,160.0,50.0,19.531249999999996,DISTANCE RUNNER,Kiplimo Jacob,160 cm,50 kg,,8.802121212121213,9.511212121212122,distance_running.csv,2025-09-13T21:48:26.825280,M,,,,,,3.2,0.3125,,,,,,,normal,short,very_lean,lean,240.0,60.0,35.15624999999999,4.800000000000001,0.46875,,,,0
distance_running,165.0,56.0,20.569329660238754,DISTANCE RUNNER,Kenenisa Bekele,165 cm,56 kg,,8.802121212121213,9.511212121212122,distance_running.csv,2025-09-13T21:48:26.825280,M,,,,,,2.9464285714285716,0.3393939393939394,,,,,,,normal,medium,lean,normal,247.5,67.2,37.02479338842976,4.419642857142858,0.5090909090909091,,,,0
distance_running,176.0,61.0,19.692665289256198,DISTANCE RUNNER,Kelvin Kiptum,176 cm,61 kg,,8.802121212121213,9.511212121212122,distance_running.csv,2025-09-13T21:48:26.825280,M,,,,,,2.8852459016393444,0.3465909090909091,,,,,,,normal,tall,lean,lean,264.0,73.2,35.44679752066116,4.327868852459017,0.5198863636363636,,,,0
distance_running,160.0,48.0,18.749999999999996,DISTANCE RUNNER,Brigid Kosgei,160 cm,48 kg,,8.802121212121213,9.511212121212122,distance_running.csv,2025-09-13T21:48:26.825280,F,,,,,,3.3333333333333335,0.3,,,,,,,normal,short,very_lean,lean,240.0,57.599999999999994,33.74999999999999,5.0,0.44999999999999996,,,,0
distance_running,170.0,54.0,18.68512110726644,DISTANCE RUNNER,Paula Radcliffe,170 cm,54 kg,,8.802121212121213,9.511212121212122,distance_running.csv,2025-09-13T21:48:26.825280,F,,,,,,3.1481481481481484,0.3176470588235294,,,,,,,normal,medium,very_lean,lean,255.0,64.8,33.63321799307959,4.722222222222222,0.4764705882352941,,,,0
distance_running,165.0,56.0,20.569329660238754,DISTANCE RUNNER,Haile Gebrselassie,165 cm,56 kg,,8.802121212121213,9.511212121212122,distance_running.csv,2025-09-13T21:48:26.825280,M,,,,,,2.9464285714285716,0.3393939393939394,,,,,,,normal,medium,lean,normal,247.5,67.2,37.02479338842976,4.419642857142858,0.5090909090909091,,,,0
distance_running,167.0,52.0,18.645344042454013,DISTANCE RUNNER,Eliud Kipchoge,167 cm,52 kg,,8.802121212121213,9.511212121212122,distance_running.csv,2025-09-13T21:48:26.825280,M,,,,,,3.2115384615384617,0.31137724550898205,,,,,,,normal,medium,very_lean,lean,250.5,62.4,33.561619276417225,4.8173076923076925,0.46706586826347307,,,,0
distance_running,172.0,60.0,20.281233098972418,DISTANCE RUNNER,Wilson Kipsang,172 cm,60 kg,,8.802121212121213,9.511212121212122,distance_running.csv,2025-09-13T21:48:26.825280,M,,,,,,2.8666666666666667,0.3488372093023256,,,,,,,normal,medium,lean,normal,258.0,72.0,36.50621957815035,4.3,0.5232558139534884,,,,0
distance_running,168.0,54.0,19.13265306122449,DISTANCE RUNNER,Dennis Kimetto,168 cm,54 kg,,8.802121212121213,9.511212121212122,distance_running.csv,2025-09-13T21:48:26.825280,M,,,,,,3.111111111111111,0.32142857142857145,,,,,,,normal,medium,very_lean,lean,252.0,64.8,34.43877551020409,4.666666666666667,0.4821428571428572,,,,0
distance_running,160.0,45.0,17.578124999999996,DISTANCE RUNNER,Yalemzerf Yehualaw,160 cm,45 kg,,8.802121212121213,9.511212121212122,distance_running.csv,2025-09-13T21:48:26.825280,F,,,,,,3.5555555555555554,0.28125,,,,,,,underweight,short,very_lean,lean,240.0,54.0,31.640624999999993,5.333333333333333,0.421875,,,,0
distance_running,165.0,50.0,18.36547291092746,DISTANCE RUNNER,Sifan Hassan,165 cm,50 kg,,8.802121212121213,9.511212121212122,distance_running.csv,2025-09-13T21:48:26.825280,F,,,,,,3.3,0.30303030303030304,,,,,,,underweight,medium,very_lean,lean,247.5,60.0,33.057851239669425,4.949999999999999,0.4545454545454546,,,,0
distance_running,168.0,,,DISTANCE RUNNER,Muktar Edris,168 cm,,,8.802121212121213,9.511212121212122,distance_running.csv,2025-09-13T21:48:26.825280,M,,,,,,,,,,,,,,,medium,,,252.0,,,,,,,,0
distance_running,175.0,63.0,20.571428571428573,DISTANCE RUNNER,Mo Farah,175 cm,63 kg,,8.802121212121213,9.511212121212122,distance_running.csv,2025-09-13T21:48:26.825280,M,,,,,,2.7777777777777777,0.36,,,,,,,normal,medium,lean,normal,262.5,75.6,37.02857142857143,4.166666666666666,0.54,,,,0
gymnastics,170.0,,,GYMNAST,Sam Mikulak,170 cm,,,8.802121212121213,9.511212121212122,gymnastics.csv,2025-09-13T21:48:26.827281,M,,,,,,,,,,,,,,,medium,,,255.0,,,,,,,,0
gymnastics,170.0,,,GYMNAST,Yul Moldauer,170 cm,,,8.802121212121213,9.511212121212122,gymnastics.csv,2025-09-13T21:48:26.827281,M,,,,,,,,,,,,,,,medium,,,255.0,,,,,,,,0
gymnastics,170.0,,,GYMNAST,David Belyavskiy,170 cm,,,8.802121212121213,9.511212121212122,gymnastics.csv,2025-09-13T21:48:26.827281,M,,,,,,,,,,,,,,,medium,,,255.0,,,,,,,,0
gymnastics,169.0,,,GYMNAST,Epke Zonderland,169 cm,,,8.802121212121213,9.511212121212122,gymnastics.csv,2025-09-13T21:48:26.827281,M,,,,,,,,,,,,,,,medium,,,253.5,,,,,,,,0
gymnastics,168.0,,,GYMNAST,Diego Hypólito,168 cm,,,8.802121212121213,9.511212121212122,gymnastics.csv,2025-09-13T21:48:26.827281,M,,,,,,,,,,,,,,,medium,,,252.0,,,,,,,,0
gymnastics,160.0,,,GYMNAST,Morgan Hurd,160 cm,,,8.802121212121213,9.511212121212122,gymnastics.csv,2025-09-13T21:48:26.827281,F,,,,,,,,,,,,,,,short,,,240.0,,,,,,,,0
gymnastics,164.0,,,GYMNAST,Sanne Wevers,164 cm,,,8.802121212121213,9.511212121212122,gymnastics.csv,2025-09-13T21:48:26.827281,F,,,,,,,,,,,,,,,medium,,,246.0,,,,,,,,0
gymnastics,165.0,,,GYMNAST,Giulia Steingruber,165 cm,,,8.802121212121213,9.511212121212122,gymnastics.csv,2025-09-13T21:48:26.827281,F,,,,,,,,,,,,,,,medium,,,247.5,,,,,,,,0
gymnastics,163.0,,,GYMNAST,Aly Raisman,163 cm,,,8.802121212121213,9.511212121212122,gymnastics.csv,2025-09-13T21:48:26.827281,F,,,,,,,,,,,,,,,medium,,,244.5,,,,,,,,0
gymnastics,160.0,,,GYMNAST,Oksana Chusovitina,160 cm,,,8.802121212121213,9.511212121212122,gymnastics.csv,2025-09-13T21:48:26.827281,F,,,,,,,,,,,,,,,short,,,240.0,,,,,,,,0
gymnastics,165.0,,,GYMNAST,Giarnni Regini-Moran,165 cm,,,8.802121212121213,9.511212121212122,gymnastics.csv,2025-09-13T21:48:26.827281,M,,,,,,,,,,,,,,,medium,,,247.5,,,,,,,,0
gymnastics,164.0,,,GYMNAST,Oleg Verniaiev,164 cm,,,8.802121212121213,9.511212121212122,gymnastics.csv,2025-09-13T21:48:26.827281,M,,,,,,,,,,,,,,,medium,,,246.0,,,,,,,,0
gymnastics,157.0,,,GYMNAST,Shilese Jones,157 cm,,,8.802121212121213,9.511212121212122,gymnastics.csv,2025-09-13T21:48:26.827281,F,,,,,,,,,,,,,,,short,,,235.5,,,,,,,,0
gymnastics,160.0,,,GYMNAST,Max Whitlock,160 cm,,,8.802121212121213,9.511212121212122,gymnastics.csv,2025-09-13T21:48:26.827281,M,,,,,,,,,,,,,,,short,,,240.0,,,,,,,,0
gymnastics,157.0,,,GYMNAST,Jade Carey,157 cm,,,8.802121212121213,9.511212121212122,gymnastics.csv,2025-09-13T21:48:26.827281,F,,,,,,,,,,,,,,,short,,,235.5,,,,,,,,0
gymnastics,162.0,,,GYMNAST,Artur Dalaloyan,162 cm,,,8.802121212121213,9.511212121212122,gymnastics.csv,2025-09-13T21:48:26.827281,M,,,,,,,,,,,,,,,medium,,,243.0,,,,,,,,0
gymnastics,142.0,47.0,23.30886728823646,GYMNAST,Simone Biles,142 cm,47.0 kg,,8.802121212121213,9.511212121212122,gymnastics.csv,2025-09-13T21:48:26.827281,F,,,,,,3.021276595744681,0.33098591549295775,,,,,,,normal,short,very_lean,normal,213.0,56.4,41.95596111882563,4.531914893617022,0.4964788732394366,,,,0
gymnastics,151.0,,,GYMNAST,Rebeca Andrade,151 cm,,,8.802121212121213,9.511212121212122,gymnastics.csv,2025-09-13T21:48:26.827281,F,,,,,,,,,,,,,,,short,,,226.5,,,,,,,,0
gymnastics,152.0,,,GYMNAST,Sunisa Lee,152 cm,,,8.802121212121213,9.511212121212122,gymnastics.csv,2025-09-13T21:48:26.827281,F,,,,,,,,,,,,,,,short,,,228.0,,,,,,,,0
gymnastics,152.0,,,GYMNAST,Jessica Gadirova,152 cm,,,8.802121212121213,9.511212121212122,gymnastics.csv,2025-09-13T21:48:26.827281,F,,,,,,,,,,,,,,,short,,,228.0,,,,,,,,0
gymnastics,160.0,,,GYMNAST,Viktoria Listunova,160 cm,,,8.802121212121213,9.511212121212122,gymnastics.csv,2025-09-13T21:48:26.827281,F,,,,,,,,,,,,,,,short,,,240.0,,,,,,,,0
gymnastics,152.0,,,GYMNAST,Angelina Melnikova,152 cm,,,8.802121212121213,9.511212121212122,gymnastics.csv,2025-09-13T21:48:26.827281,F,,,,,,,,,,,,,,,short,,,228.0,,,,,,,,0
gymnastics,150.0,,,GYMNAST,Carlos Yulo,150 cm,,,8.802121212121213,9.511212121212122,gymnastics.csv,2025-09-13T21:48:26.827281,M,,,,,,,,,,,,,,,short,,,225.0,,,,,,,,0
gymnastics,165.0,,,GYMNAST,Asia D'Amato,165 cm,,,8.802121212121213,9.511212121212122,gymnastics.csv,2025-09-13T21:48:26.827281,F,,,,,,,,,,,,,,,medium,,,247.5,,,,,,,,0
gymnastics,165.0,,,GYMNAST,Larisa Iordache,165 cm,,,8.802121212121213,9.511212121212122,gymnastics.csv,2025-09-13T21:48:26.827281,F,,,,,,,,,,,,,,,medium,,,247.5,,,,,,,,0
gymnastics,162.0,54.0,20.576131687242793,GYMNAST,Kōhei Uchimura,162 cm,54.0 kg,,8.802121212121213,9.511212121212122,gymnastics.csv,2025-09-13T21:48:26.827281,M,,,,,,3.0,0.3333333333333333,,,,,,,normal,medium,lean,normal,243.0,64.8,37.03703703703703,4.5,0.5,,,,0
gymnastics,166.0,,,GYMNAST,Daiki Hashimoto,166 cm,,,8.802121212121213,9.511212121212122,gymnastics.csv,2025-09-13T21:48:26.827281,M,,,,,,,,,,,,,,,medium,,,249.0,,,,,,,,0
gymnastics,168.0,,,GYMNAST,Nikita Nagornyy,168 cm,,,8.802121212121213,9.511212121212122,gymnastics.csv,2025-09-13T21:48:26.827281,M,,,,,,,,,,,,,,,medium,,,252.0,,,,,,,,0
gymnastics,150.0,,,GYMNAST,Alice D'Amato,150 cm,,,8.802121212121213,9.511212121212122,gymnastics.csv,2025-09-13T21:48:26.827281,F,,,,,,,,,,,,,,,short,,,225.0,,,,,,,,0
rowing,189.0,90.0,25.195263290501387,ROWER,Damir Martin,189 cm,90 kg,,8.802121212121213,9.511212121212122,rowing.csv,2025-09-13T21:48:26.830914,M,,,,,,2.1,0.47619047619047616,,,,,,,overweight,tall,balanced,muscular,283.5,108.0,45.3514739229025,3.1500000000000004,0.7142857142857142,,,,0
rowing,177.0,72.0,22.981901752370007,ROWER,Fintan McCarthy,177 cm,72 kg,,8.802121212121213,9.511212121212122,rowing.csv,2025-09-13T21:48:26.830914,M,,,,,,2.4583333333333335,0.4067796610169492,,,,,,,normal,tall,balanced,normal,265.5,86.39999999999999,41.367423154266014,3.6875,0.6101694915254238,,,,0
rowing,177.0,72.0,22.981901752370007,ROWER,Paul O'Donovan,177 cm,72 kg,,8.802121212121213,9.511212121212122,rowing.csv,2025-09-13T21:48:26.830914,M,,,,,,2.4583333333333335,0.4067796610169492,,,,,,,normal,tall,balanced,normal,265.5,86.39999999999999,41.367423154266014,3.6875,0.6101694915254238,,,,0
rowing,176.0,69.0,22.275309917355372,ROWER,Zoe Stevenson,176 cm,69 kg,,8.802121212121213,9.511212121212122,rowing.csv,2025-09-13T21:48:26.830914,F,,,,,,2.550724637681159,0.39204545454545453,,,,,,,normal,tall,lean,normal,264.0,82.8,40.09555785123967,3.826086956521739,0.5880681818181818,,,,0
rowing,179.0,80.0,24.968009737523797,ROWER,Emma Twigg,179 cm,80 kg,,8.802121212121213,9.511212121212122,rowing.csv,2025-09-13T21:48:26.830914,F,,,,,,2.2375,0.44692737430167595,,,,,,,normal,tall,balanced,normal,268.5,96.0,44.94241752754284,3.3562499999999997,0.6703910614525139,,,,0
rowing,179.0,74.0,23.095409007209515,ROWER,Grace Prendergast,179 cm,74 kg,,8.802121212121213,9.511212121212122,rowing.csv,2025-09-13T21:48:26.830914,F,,,,,,2.418918918918919,0.4134078212290503,,,,,,,normal,tall,balanced,normal,268.5,88.8,41.57173621297713,3.628378378378378,0.6201117318435754,,,,0
rowing,191.0,88.0,24.12214577451276,ROWER,Andrew Triggs Hodge,191 cm,88 kg,,8.802121212121213,9.511212121212122,rowing.csv,2025-09-13T21:48:26.830914,M,,,,,,2.1704545454545454,0.4607329842931937,,,,,,,normal,very_tall,balanced,normal,286.5,105.6,43.419862394122966,3.2556818181818183,0.6910994764397905,,,,0
rowing,190.0,87.0,24.099722991689752,ROWER,Lucerne Rotsee,190 cm,87 kg,,8.802121212121213,9.511212121212122,rowing.csv,2025-09-13T21:48:26.830914,M,,,,,,2.1839080459770117,0.45789473684210524,,,,,,,normal,tall,balanced,normal,285.0,104.39999999999999,43.37950138504156,3.275862068965518,0.6868421052631579,,,,0
rowing,198.0,98.0,24.997449239873482,ROWER,Pete Reed,198 cm,98 kg,,8.802121212121213,9.511212121212122,rowing.csv,2025-09-13T21:48:26.830914,M,,,,,,2.020408163265306,0.494949494949495,,,,,,,normal,very_tall,balanced,normal,297.0,117.6,44.99540863177227,3.030612244897959,0.7424242424242424,,,,0
rowing,185.0,83.0,24.251278305332356,ROWER,Jurgen Grobler,185 cm,83 kg,,8.802121212121213,9.511212121212122,rowing.csv,2025-09-13T21:48:26.830914,M,,,,,,2.2289156626506026,0.4486486486486487,,,,,,,normal,tall,balanced,normal,277.5,99.6,43.65230094959824,3.343373493975904,0.672972972972973,,,,0
rowing,183.0,75.0,22.395413419331717,ROWER,Sarah Cook,183 cm,75 kg,,8.802121212121213,9.511212121212122,rowing.csv,2025-09-13T21:48:26.830914,F,,,,,,2.44,0.4098360655737705,,,,,,,normal,tall,balanced,normal,274.5,90.0,40.31174415479709,3.66,0.6147540983606558,,,,0
rowing,200.0,103.0,25.75,ROWER,Ondřej Synek,200 cm,103 kg,,8.802121212121213,9.511212121212122,rowing.csv,2025-09-13T21:48:26.830914,M,,,,,,1.941747572815534,0.515,,,,,,,overweight,very_tall,heavy,muscular,300.0,123.6,46.35,2.912621359223301,0.7725,,,,0
rowing,191.0,77.0,21.106877552698666,ROWER,Grace Luczak,191 cm,77 kg,,8.802121212121213,9.511212121212122,rowing.csv,2025-09-13T21:48:26.830914,F,,,,,,2.4805194805194803,0.4031413612565445,,,,,,,normal,very_tall,balanced,normal,286.5,92.39999999999999,37.9923795948576,3.7207792207792205,0.6047120418848168,,,,0
rowing,182.0,75.0,22.6421929718633,ROWER,Kerri Gowler,182 cm,75 kg,,8.802121212121213,9.511212121212122,rowing.csv,2025-09-13T21:48:26.830914,F,,,,,,2.4266666666666667,0.41208791208791207,,,,,,,normal,tall,balanced,normal,273.0,90.0,40.75594734935394,3.64,0.6181318681318682,,,,0
rowing,177.0,76.0,24.258674071946118,ROWER,Viorica Neculai,177 cm,76 kg,,8.802121212121213,9.511212121212122,rowing.csv,2025-09-13T21:48:26.830914,F,,,,,,2.3289473684210527,0.4293785310734463,,,,,,,normal,tall,balanced,normal,265.5,91.2,43.66561332950301,3.4934210526315788,0.6440677966101694,,,,0
rowing,190.0,89.0,24.653739612188367,ROWER,Martin Sinković,190 cm,89 kg,,8.802121212121213,9.511212121212122,rowing.csv,2025-09-13T21:48:26.830914,M,,,,,,2.134831460674157,0.46842105263157896,,,,,,,normal,tall,balanced,normal,285.0,106.8,44.37673130193906,3.202247191011236,0.7026315789473685,,,,0
rowing,193.0,94.0,25.235576794007894,ROWER,James Cracknell,193 cm,94 kg,,8.802121212121213,9.511212121212122,rowing.csv,2025-09-13T21:48:26.830914,M,,,,,,2.0531914893617023,0.48704663212435234,,,,,,,overweight,very_tall,balanced,muscular,289.5,112.8,45.42403822921421,3.0797872340425534,0.7305699481865285,,,,0
rowing,193.0,91.0,24.43018604526296,ROWER,Valent Sinković,193 cm,91 kg,,8.802121212121213,9.511212121212122,rowing.csv,2025-09-13T21:48:26.830914,M,,,,,,2.120879120879121,0.47150259067357514,,,,,,,normal,very_tall,balanced,normal,289.5,109.2,43.97433488147333,3.1813186813186816,0.7072538860103628,,,,0
rowing,195.0,100.0,26.298487836949377,ROWER,Steve Redgrave,195 cm,100 kg,,8.802121212121213,9.511212121212122,rowing.csv,2025-09-13T21:48:26.830914,M,,,,,,1.95,0.5128205128205128,,,,,,,overweight,very_tall,heavy,muscular,292.5,120.0,47.33727810650888,2.925,0.7692307692307692,,,,0
rowing,196.0,98.0,25.510204081632654,ROWER,Matthew Pinsent,196 cm,98 kg,,8.802121212121213,9.511212121212122,rowing.csv,2025-09-13T21:48:26.830914,M,,,,,,2.0,0.5,,,,,,,overweight,very_tall,heavy,muscular,294.0,117.6,45.91836734693878,3.0,0.75,,,,0
rowing,200.0,99.0,24.75,ROWER,Mahe Drysdale,200 cm,99 kg,,8.802121212121213,9.511212121212122,rowing.csv,2025-09-13T21:48:26.830914,M,,,,,,2.0202020202020203,0.495,,,,,,,normal,very_tall,balanced,normal,300.0,118.8,44.550000000000004,3.0303030303030303,0.7424999999999999,,,,0
rowing,189.0,88.0,24.635368550712467,ROWER,Hamish Bond,189 cm,88 kg,,8.802121212121213,9.511212121212122,rowing.csv,2025-09-13T21:48:26.830914,M,,,,,,2.147727272727273,0.4656084656084656,,,,,,,normal,tall,balanced,normal,283.5,105.6,44.34366339128244,3.221590909090909,0.6984126984126984,,,,0
rowing,198.0,100.0,25.507601265177023,ROWER,Eric Murray,198 cm,100 kg,,8.802121212121213,9.511212121212122,rowing.csv,2025-09-13T21:48:26.830914,M,,,,,,1.98,0.5050505050505051,,,,,,,overweight,very_tall,heavy,muscular,297.0,120.0,45.91368227731864,2.9699999999999998,0.7575757575757576,,,,0
rowing,193.0,93.0,24.967113211092915,ROWER,Olaf Tufte,193 cm,93 kg,,8.802121212121213,9.511212121212122,rowing.csv,2025-09-13T21:48:26.830914,M,,,,,,2.075268817204301,0.48186528497409326,,,,,,,normal,very_tall,balanced,normal,289.5,111.6,44.94080377996725,3.1129032258064515,0.7227979274611399,,,,0
rowing,181.0,74.0,22.587833094227893,ROWER,Kim Brennan,181 cm,74 kg,,8.802121212121213,9.511212121212122,rowing.csv,2025-09-13T21:48:26.830914,F,,,,,,2.445945945945946,0.4088397790055249,,,,,,,normal,tall,balanced,normal,271.5,88.8,40.65809956961021,3.6689189189189193,0.6132596685082873,,,,0
rowing,182.0,70.0,21.132713440405748,ROWER,Katherine Grainger,182 cm,70 kg,,8.802121212121213,9.511212121212122,rowing.csv,2025-09-13T21:48:26.830914,F,,,,,,2.6,0.38461538461538464,,,,,,,normal,tall,lean,normal,273.0,84.0,38.03888419273035,3.9000000000000004,0.576923076923077,,,,0
rowing,178.0,70.0,22.093170054286073,ROWER,Helen Glover,178 cm,70 kg,,8.802121212121213,9.511212121212122,rowing.csv,2025-09-13T21:48:26.830914,F,,,,,,2.5428571428571427,0.39325842696629215,,,,,,,normal,tall,lean,normal,267.0,84.0,39.767706097714935,3.814285714285714,0.5898876404494382,,,,0
rowing,178.0,70.0,22.093170054286073,ROWER,Heather Stanning,178 cm,70 kg,,8.802121212121213,9.511212121212122,rowing.csv,2025-09-13T21:48:26.830914,F,,,,,,2.5428571428571427,0.39325842696629215,,,,,,,normal,tall,lean,normal,267.0,84.0,39.767706097714935,3.814285714285714,0.5898876404494382,,,,0
rowing,193.0,90.0,24.161722462347985,ROWER,Drew Ginn,193 cm,90 kg,,8.802121212121213,9.511212121212122,rowing.csv,2025-09-13T21:48:26.830914,M,,,,,,2.1444444444444444,0.46632124352331605,,,,,,,normal,very_tall,balanced,normal,289.5,108.0,43.491100432226375,3.216666666666667,0.6994818652849741,,,,0
rowing,186.0,76.0,21.967857555786793,ROWER,Georgina Rowe,186 cm,76 kg,,8.802121212121213,9.511212121212122,rowing.csv,2025-09-13T21:48:26.830914,F,,,,,,2.4473684210526314,0.40860215053763443,,,,,,,normal,tall,balanced,normal,279.0,91.2,39.54214360041623,3.671052631578947,0.6129032258064516,,,,0
soccer,193.0,92.0,24.69864962817794,SOCCER,Manuel Neuer,193 cm,92 kg,,8.802121212121213,9.511212121212122,soccer.csv,2025-09-13T21:48:26.832929,M,,,,,,2.097826086956522,0.47668393782383417,,,,,,,normal,very_tall,balanced,normal,289.5,110.39999999999999,44.45756933072029,3.146739130434783,0.7150259067357513,,,,0
soccer,183.0,76.0,22.694018931589476,SOCCER,Toni Kroos,183 cm,76 kg,,8.802121212121213,9.511212121212122,soccer.csv,2025-09-13T21:48:26.832929,M,,,,,,2.4078947368421053,0.41530054644808745,,,,,,,normal,tall,balanced,normal,274.5,91.2,40.84923407686106,3.611842105263158,0.6229508196721312,,,,0
soccer,168.0,70.0,24.801587301587304,SOCCER,N'Golo Kanté,168 cm,70 kg,,8.802121212121213,9.511212121212122,soccer.csv,2025-09-13T21:48:26.832929,M,,,,,,2.4,0.4166666666666667,,,,,,,normal,medium,balanced,normal,252.0,84.0,44.642857142857146,3.5999999999999996,0.625,,,,0
soccer,177.0,75.0,23.93948099205209,SOCCER,Joshua Kimmich,177 cm,75 kg,,8.802121212121213,9.511212121212122,soccer.csv,2025-09-13T21:48:26.832929,M,,,,,,2.36,0.423728813559322,,,,,,,normal,tall,balanced,normal,265.5,90.0,43.091065785693765,3.54,0.635593220338983,,,,0
soccer,193.0,92.0,24.69864962817794,SOCCER,Virgil van Dijk,193 cm,92 kg,,8.802121212121213,9.511212121212122,soccer.csv,2025-09-13T21:48:26.832929,M,,,,,,2.097826086956522,0.47668393782383417,,,,,,,normal,very_tall,balanced,normal,289.5,110.39999999999999,44.45756933072029,3.146739130434783,0.7150259067357513,,,,0
soccer,191.0,91.0,24.94449165318933,SOCCER,Alisson Becker,191 cm,91 kg,,8.802121212121213,9.511212121212122,soccer.csv,2025-09-13T21:48:26.832929,M,,,,,,2.098901098901099,0.47643979057591623,,,,,,,normal,very_tall,balanced,normal,286.5,109.2,44.900084975740796,3.1483516483516487,0.7146596858638743,,,,0
soccer,176.0,73.0,23.56663223140496,SOCCER,Antoine Griezmann,176 cm,73 kg,,8.802121212121213,9.511212121212122,soccer.csv,2025-09-13T21:48:26.832929,M,,,,,,2.410958904109589,0.4147727272727273,,,,,,,normal,tall,balanced,normal,264.0,87.6,42.41993801652893,3.6164383561643834,0.6221590909090909,,,,0
soccer,185.0,78.0,22.79035792549306,SOCCER,Victor Osimhen,185 cm,78 kg,,8.802121212121213,9.511212121212122,soccer.csv,2025-09-13T21:48:26.832929,M,,,,,,2.371794871794872,0.42162162162162165,,,,,,,normal,tall,balanced,normal,277.5,93.6,41.02264426588751,3.5576923076923075,0.6324324324324324,,,,0
soccer,172.0,66.0,22.30935640886966,SOCCER,Luka Modrić,172 cm,66 kg,,8.802121212121213,9.511212121212122,soccer.csv,2025-09-13T21:48:26.832929,M,,,,,,2.606060606060606,0.38372093023255816,,,,,,,normal,medium,lean,normal,258.0,79.2,40.15684153596539,3.909090909090909,0.5755813953488372,,,,0
soccer,184.0,82.0,24.22022684310019,SOCCER,Sergio Ramos,184 cm,82 kg,,8.802121212121213,9.511212121212122,soccer.csv,2025-09-13T21:48:26.832929,M,,,,,,2.2439024390243905,0.44565217391304346,,,,,,,normal,tall,balanced,normal,276.0,98.39999999999999,43.59640831758034,3.3658536585365857,0.6684782608695652,,,,0
soccer,177.0,75.0,23.93948099205209,SOCCER,Paulo Dybala,177 cm,75 kg,,8.802121212121213,9.511212121212122,soccer.csv,2025-09-13T21:48:26.832929,M,,,,,,2.36,0.423728813559322,,,,,,,normal,tall,balanced,normal,265.5,90.0,43.091065785693765,3.54,0.635593220338983,,,,0
soccer,195.0,95.0,24.983563445101908,SOCCER,Zlatan Ibrahimović,195 cm,95 kg,,8.802121212121213,9.511212121212122,soccer.csv,2025-09-13T21:48:26.832929,M,,,,,,2.0526315789473686,0.48717948717948717,,,,,,,normal,very_tall,balanced,normal,292.5,114.0,44.97041420118344,3.078947368421053,0.7307692307692307,,,,0
soccer,187.0,85.0,24.307243558580453,SOCCER,Marc-André ter Stegen,187 cm,85 kg,,8.802121212121213,9.511212121212122,soccer.csv,2025-09-13T21:48:26.832929,M,,,,,,2.2,0.45454545454545453,,,,,,,normal,tall,balanced,normal,280.5,102.0,43.75303840544482,3.3000000000000003,0.6818181818181818,,,,0
soccer,191.0,94.0,25.766837531865903,SOCCER,Romelu Lukaku,191 cm,94 kg,,8.802121212121213,9.511212121212122,soccer.csv,2025-09-13T21:48:26.832929,M,,,,,,2.0319148936170213,0.49214659685863876,,,,,,,overweight,very_tall,balanced,muscular,286.5,112.8,46.38030755735863,3.047872340425532,0.7382198952879582,,,,0
soccer,185.0,81.0,23.66691015339664,SOCCER,Karim Benzema,185 cm,81 kg,,8.802121212121213,9.511212121212122,soccer.csv,2025-09-13T21:48:26.832929,M,,,,,,2.2839506172839505,0.43783783783783786,,,,,,,normal,tall,balanced,normal,277.5,97.2,42.60043827611395,3.4259259259259256,0.6567567567567568,,,,0
soccer,175.0,69.0,22.53061224489796,SOCCER,Sadio Mané,175 cm,69 kg,,8.802121212121213,9.511212121212122,soccer.csv,2025-09-13T21:48:26.832929,M,,,,,,2.536231884057971,0.3942857142857143,,,,,,,normal,medium,lean,normal,262.5,82.8,40.55510204081633,3.804347826086957,0.5914285714285714,,,,0
soccer,187.0,84.0,24.021275987303035,SOCCER,Cristiano Ronaldo,187 cm,84 kg,,8.802121212121213,9.511212121212122,soccer.csv,2025-09-13T21:48:26.832929,M,,,,,,2.2261904761904763,0.44919786096256686,,,,,,,normal,tall,balanced,normal,280.5,100.8,43.238296777145464,3.3392857142857144,0.6737967914438503,,,,0
soccer,170.0,69.0,23.87543252595156,SOCCER,Raheem Sterling,170 cm,69 kg,,8.802121212121213,9.511212121212122,soccer.csv,2025-09-13T21:48:26.832929,M,,,,,,2.463768115942029,0.40588235294117647,,,,,,,normal,medium,balanced,normal,255.0,82.8,42.97577854671281,3.695652173913043,0.6088235294117648,,,,0
soccer,178.0,73.0,23.04002019946976,SOCCER,Kylian Mbappé,178 cm,73 kg,,8.802121212121213,9.511212121212122,soccer.csv,2025-09-13T21:48:26.832929,M,,,,,,2.4383561643835616,0.4101123595505618,,,,,,,normal,tall,balanced,normal,267.0,87.6,41.472036359045575,3.6575342465753424,0.6151685393258427,,,,0
soccer,195.0,94.0,24.720578566732414,SOCCER,Erling Haaland,195 cm,94 kg,,8.802121212121213,9.511212121212122,soccer.csv,2025-09-13T21:48:26.832929,M,,,,,,2.074468085106383,0.48205128205128206,,,,,,,normal,very_tall,balanced,normal,292.5,112.8,44.49704142011834,3.111702127659574,0.7230769230769231,,,,0
soccer,181.0,70.0,21.36686914318855,SOCCER,Kevin De Bruyne,181 cm,70 kg,,8.802121212121213,9.511212121212122,soccer.csv,2025-09-13T21:48:26.832929,M,,,,,,2.585714285714286,0.3867403314917127,,,,,,,normal,tall,lean,normal,271.5,84.0,38.46036445773939,3.878571428571429,0.580110497237569,,,,0
soccer,175.0,68.0,22.20408163265306,SOCCER,Neymar Jr.,175 cm,68 kg,,8.802121212121213,9.511212121212122,soccer.csv,2025-09-13T21:48:26.832929,M,,,,,,2.573529411764706,0.38857142857142857,,,,,,,normal,medium,lean,normal,262.5,81.6,39.96734693877551,3.860294117647059,0.5828571428571429,,,,0
soccer,170.0,72.0,24.913494809688583,SOCCER,Lionel Messi,170 cm,72 kg,,8.802121212121213,9.511212121212122,soccer.csv,2025-09-13T21:48:26.832929,M,,,,,,2.361111111111111,0.4235294117647059,,,,,,,normal,medium,balanced,normal,255.0,86.39999999999999,44.84429065743945,3.541666666666667,0.6352941176470588,,,,0
soccer,185.0,81.0,23.66691015339664,SOCCER,Robert Lewandowski,185 cm,81 kg,,8.802121212121213,9.511212121212122,soccer.csv,2025-09-13T21:48:26.832929,M,,,,,,2.2839506172839505,0.43783783783783786,,,,,,,normal,tall,balanced,normal,277.5,97.2,42.60043827611395,3.4259259259259256,0.6567567567567568,,,,0
soccer,188.0,86.0,24.332277048438208,SOCCER,Harry Kane,188 cm,86 kg,,8.802121212121213,9.511212121212122,soccer.csv,2025-09-13T21:48:26.832929,M,,,,,,2.186046511627907,0.4574468085106383,,,,,,,normal,tall,balanced,normal,282.0,103.2,43.79809868718878,3.27906976744186,0.6861702127659575,,,,0
soccer,186.0,75.0,21.678806798473808,SOCCER,Jude Bellingham,186 cm,75 kg,,8.802121212121213,9.511212121212122,soccer.csv,2025-09-13T21:48:26.832929,M,,,,,,2.48,0.4032258064516129,,,,,,,normal,tall,balanced,normal,279.0,90.0,39.02185223725286,3.7199999999999998,0.6048387096774193,,,,0
soccer,171.0,70.0,23.938989774631512,SOCCER,Phil Foden,171 cm,70 kg,,8.802121212121213,9.511212121212122,soccer.csv,2025-09-13T21:48:26.832929,M,,,,,,2.442857142857143,0.4093567251461988,,,,,,,normal,medium,balanced,normal,256.5,84.0,43.09018159433672,3.6642857142857146,0.6140350877192982,,,,0
soccer,173.0,64.0,21.383941996057334,SOCCER,Bernardo Silva,173 cm,64 kg,,8.802121212121213,9.511212121212122,soccer.csv,2025-09-13T21:48:26.832929,M,,,,,,2.703125,0.3699421965317919,,,,,,,normal,medium,lean,normal,259.5,76.8,38.4910955929032,4.0546875,0.5549132947976878,,,,0
soccer,176.0,73.0,23.56663223140496,SOCCER,Vinícius Júnior,176 cm,73 kg,,8.802121212121213,9.511212121212122,soccer.csv,2025-09-13T21:48:26.832929,M,,,,,,2.410958904109589,0.4147727272727273,,,,,,,normal,tall,balanced,normal,264.0,87.6,42.41993801652893,3.6164383561643834,0.6221590909090909,,,,0
soccer,175.0,71.0,23.183673469387756,SOCCER,Mohamed Salah,175 cm,71 kg,,8.802121212121213,9.511212121212122,soccer.csv,2025-09-13T21:48:26.832929,M,,,,,,2.464788732394366,0.4057142857142857,,,,,,,normal,medium,balanced,normal,262.5,85.2,41.73061224489796,3.697183098591549,0.6085714285714285,,,,0
swimming,187.96,,,SWIMMER,Nicolas Santos,"6'2""",,,8.802121212121213,9.511212121212122,swimming.csv,2025-09-13T21:48:26.837500,,,,,,,,,,,,,,,,tall,,,281.94,,,,,,,,0
swimming,193.04,,,SWIMMER,Vladimir Morozov,"6'4""",,,8.802121212121213,9.511212121212122,swimming.csv,2025-09-13T21:48:26.837500,,,,,,,,,,,,,,,,very_tall,,,289.56,,,,,,,,0
swimming,193.04,86.18248,23.127269938750405,SWIMMER,Chase Kalisz,"6'4""",190 lbs,,8.802121212121213,9.511212121212122,swimming.csv,2025-09-13T21:48:26.837500,,,,,,,2.2398984109067177,0.4464488188976378,,,,,,,normal,very_tall,balanced,normal,289.56,103.418976,41.62908588975073,3.3598476163600766,0.6696732283464567,,,,0
swimming,187.96,,,SWIMMER,Jay Litherland,"6'2""",,,8.802121212121213,9.511212121212122,swimming.csv,2025-09-13T21:48:26.837500,,,,,,,,,,,,,,,,tall,,,281.94,,,,,,,,0
swimming,190.5,,,SWIMMER,Leonardo de Deus,"6'3""",,,8.802121212121213,9.511212121212122,swimming.csv,2025-09-13T21:48:26.837500,,,,,,,,,,,,,,,,very_tall,,,285.75,,,,,,,,0
swimming,187.96,,,SWIMMER,Kamil Stoch,"6'2""",,,8.802121212121213,9.511212121212122,swimming.csv,2025-09-13T21:48:26.837500,,,,,,,,,,,,,,,,tall,,,281.94,,,,,,,,0
swimming,187.96,,,SWIMMER,James Guy,"6'2""",,,8.802121212121213,9.511212121212122,swimming.csv,2025-09-13T21:48:26.837500,,,,,,,,,,,,,,,,tall,,,281.94,,,,,,,,0
swimming,187.96,,,SWIMMER,Mitch Larkin,"6'2""",,,8.802121212121213,9.511212121212122,swimming.csv,2025-09-13T21:48:26.837500,,,,,,,,,,,,,,,,tall,,,281.94,,,,,,,,0
swimming,187.96,,,SWIMMER,Kamil Sieradzki,"6'2""",,,8.802121212121213,9.511212121212122,swimming.csv,2025-09-13T21:48:26.837500,,,,,,,,,,,,,,,,tall,,,281.94,,,,,,,,0
swimming,180.34,,,SWIMMER,Daiya Seto,"5'11""",,,8.802121212121213,9.511212121212122,swimming.csv,2025-09-13T21:48:26.837500,,,,,,,,,,,,,,,,tall,,,270.51,,,,,,,,0
swimming,187.96,,,SWIMMER,Yuya Yajima,"6'2""",,,8.802121212121213,9.511212121212122,swimming.csv,2025-09-13T21:48:26.837500,,,,,,,,,,,,,,,,tall,,,281.94,,,,,,,,0
swimming,187.96,,,SWIMMER,Matt Richards,"6'2""",,,8.802121212121213,9.511212121212122,swimming.csv,2025-09-13T21:48:26.837500,,,,,,,,,,,,,,,,tall,,,281.94,,,,,,,,0
swimming,187.96,,,SWIMMER,Andrii Govorov,"6'2""",,,8.802121212121213,9.511212121212122,swimming.csv,2025-09-13T21:48:26.837500,,,,,,,,,,,,,,,,tall,,,281.94,,,,,,,,0
swimming,193.04,,,SWIMMER,Tom Shields,"6'4""",,,8.802121212121213,9.511212121212122,swimming.csv,2025-09-13T21:48:26.837500,,,,,,,,,,,,,,,,very_tall,,,289.56,,,,,,,,0
swimming,193.04,,,SWIMMER,Tom Shields 2,"6'4""",,,8.802121212121213,9.511212121212122,swimming.csv,2025-09-13T21:48:26.837500,,,,,,,,,,,,,,,,very_tall,,,289.56,,,,,,,,0
swimming,185.42,,,SWIMMER,Maxime Grousset,"6'1""",,,8.802121212121213,9.511212121212122,swimming.csv,2025-09-13T21:48:26.837500,,,,,,,,,,,,,,,,tall,,,278.13,,,,,,,,0
swimming,193.04,89.811216,24.101049725645158,SWIMMER,Michael Phelps,"6'4""",198 lbs,"6'7""",8.802121212121213,9.511212121212122,swimming.csv,2025-09-13T21:48:26.837500,,,,,,,2.149397465011497,0.46524666390385416,,,,,,,normal,very_tall,balanced,normal,289.56,107.7734592,43.381889506161286,3.2240961975172455,0.6978699958557812,,,,0
swimming,190.5,83.007336,22.873178333023333,SWIMMER,Caeleb Dressel,"6'3""",183 lbs,"6'4""",8.802121212121213,9.511212121212122,swimming.csv,2025-09-13T21:48:26.837500,,,,,,,2.2949778800273752,0.4357340472440945,,,,,,,normal,very_tall,balanced,normal,285.75,99.6088032,41.171720999442,3.442466820041063,0.6536010708661417,,,,0
swimming,195.58,103.872568,27.155136179052924,SWIMMER,Ian Thorpe,"6'5""",229 lbs,,8.802121212121213,9.511212121212122,swimming.csv,2025-09-13T21:48:26.837500,,,,,,,1.8828840353691845,0.5311001533899171,,,,,,,overweight,very_tall,heavy,muscular,293.37,124.64708159999999,48.879245122295266,2.8243260530537766,0.7966502300848757,,,,0
swimming,203.2,86.18248,20.87236111972224,SWIMMER,Matt Grevers,"6'8""",190 lbs,,8.802121212121213,9.511212121212122,swimming.csv,2025-09-13T21:48:26.837500,,,,,,,2.3577878009544397,0.42412637795275593,,,,,,,normal,very_tall,balanced,normal,304.79999999999995,103.418976,37.57025001550003,3.5366817014316596,0.6361895669291339,,,,0
swimming,190.5,79.83219199999999,21.998248014273805,SWIMMER,David Popovici,"6'3""",176 lbs,,8.802121212121213,9.511212121212122,swimming.csv,2025-09-13T21:48:26.837500,,,,,,,2.3862554093466457,0.41906662467191597,,,,,,,normal,very_tall,balanced,normal,285.75,95.7986304,39.59684642569285,3.5793831140199686,0.628599937007874,,,,0
swimming,200.66,87.996848,21.854732765706515,SWIMMER,Michael Gross,"6'7""",194 lbs,"7'0""",8.802121212121213,9.511212121212122,swimming.csv,2025-09-13T21:48:26.837500,,,,,,,2.2803089492478184,0.438537067676667,,,,,,,normal,very_tall,balanced,normal,300.99,105.5962176,39.33851897827173,3.4204634238717277,0.6578056015150004,,,,0
swimming,193.04,,,SWIMMER,Zach Apple,"6'4""",,,8.802121212121213,9.511212121212122,swimming.csv,2025-09-13T21:48:26.837500,,,,,,,,,,,,,,,,very_tall,,,289.56,,,,,,,,0
swimming,193.04,83.007336,22.275212625217495,SWIMMER,Kristóf Milák,"6'4""",183 lbs,,8.802121212121213,9.511212121212122,swimming.csv,2025-09-13T21:48:26.837500,,,,,,,2.3255775850944067,0.4300007045171985,,,,,,,normal,very_tall,balanced,normal,289.56,99.6088032,40.095382725391495,3.48836637764161,0.6450010567757978,,,,0
swimming,190.5,,,SWIMMER,Josh Liendo,"6'3""",,,8.802121212121213,9.511212121212122,swimming.csv,2025-09-13T21:48:26.837500,,,,,,,,,,,,,,,,very_tall,,,285.75,,,,,,,,0
swimming,193.04,,,SWIMMER,Tom Dean,"6'4""",,,8.802121212121213,9.511212121212122,swimming.csv,2025-09-13T21:48:26.837500,,,,,,,,,,,,,,,,very_tall,,,289.56,,,,,,,,0
swimming,187.96,,,SWIMMER,Kieran Smith,"6'2""",,,8.802121212121213,9.511212121212122,swimming.csv,2025-09-13T21:48:26.837500,,,,,,,,,,,,,,,,tall,,,281.94,,,,,,,,0
swimming,193.04,,,SWIMMER,Duncan Scott,"6'4""",,,8.802121212121213,9.511212121212122,swimming.csv,2025-09-13T21:48:26.837500,,,,,,,,,,,,,,,,very_tall,,,289.56,,,,,,,,0
swimming,195.58,,,SWIMMER,Ilya Kharun,"6'5""",,,8.802121212121213,9.511212121212122,swimming.csv,2025-09-13T21:48:26.837500,,,,,,,,,,,,,,,,very_tall,,,293.37,,,,,,,,0
swimming,190.5,,,SWIMMER,Pan Zhanle,"6'3""",,"6'3""",8.802121212121213,9.511212121212122,swimming.csv,2025-09-13T21:48:26.837500,,,,,,,,,,,,,,,,very_tall,,,285.75,,,,,,,,0
tennis,191.0,80.0,21.929223431375238,TENNIS,Grigor Dimitrov,191 cm,80 kg,,8.802121212121213,9.511212121212122,tennis.csv,2025-09-13T21:48:26.842517,M,,,,,,2.3875,0.418848167539267,,,,,,,normal,very_tall,balanced,normal,286.5,96.0,39.47260217647543,3.5812500000000003,0.6282722513089005,,,,0
tennis,198.0,86.0,21.93653708805224,TENNIS,Marin Čilić,198 cm,86 kg,,8.802121212121213,9.511212121212122,tennis.csv,2025-09-13T21:48:26.842517,M,,,,,,2.302325581395349,0.43434343434343436,,,,,,,normal,very_tall,balanced,normal,297.0,103.2,39.48576675849404,3.453488372093023,0.6515151515151516,,,,0
tennis,208.0,109.0,25.194156804733726,TENNIS,John Isner,208 cm,109 kg,,8.802121212121213,9.511212121212122,tennis.csv,2025-09-13T21:48:26.842517,M,,,,,,1.908256880733945,0.5240384615384616,,,,,,,overweight,very_tall,heavy,muscular,312.0,130.79999999999998,45.34948224852071,2.8623853211009176,0.7860576923076923,,,,0
tennis,211.0,109.0,24.48282832820467,TENNIS,Reilly Opelka,211 cm,109 kg,,8.802121212121213,9.511212121212122,tennis.csv,2025-09-13T21:48:26.842517,M,,,,,,1.9357798165137614,0.5165876777251185,,,,,,,normal,very_tall,heavy,normal,316.5,130.79999999999998,44.0690909907684,2.903669724770642,0.7748815165876777,,,,0
tennis,176.0,63.0,20.33832644628099,TENNIS,Iga Świątek,176 cm,63 kg,,8.802121212121213,9.511212121212122,tennis.csv,2025-09-13T21:48:26.842517,F,,,,,,2.7936507936507935,0.35795454545454547,,,,,,,normal,tall,lean,normal,264.0,75.6,36.608987603305785,4.19047619047619,0.5369318181818182,,,,0
tennis,183.0,77.0,22.99262444384723,TENNIS,Aryna Sabalenka,183 cm,77 kg,,8.802121212121213,9.511212121212122,tennis.csv,2025-09-13T21:48:26.842517,F,,,,,,2.3766233766233764,0.4207650273224044,,,,,,,normal,tall,balanced,normal,274.5,92.39999999999999,41.386723998925014,3.5649350649350646,0.6311475409836066,,,,0
tennis,181.0,70.0,21.36686914318855,TENNIS,Barbora Krejčíková,181 cm,70 kg,,8.802121212121213,9.511212121212122,tennis.csv,2025-09-13T21:48:26.842517,F,,,,,,2.585714285714286,0.3867403314917127,,,,,,,normal,tall,lean,normal,271.5,84.0,38.46036445773939,3.878571428571429,0.580110497237569,,,,0
tennis,180.0,65.0,20.061728395061728,TENNIS,Coco Gauff,180 cm,65 kg,,8.802121212121213,9.511212121212122,tennis.csv,2025-09-13T21:48:26.842517,F,,,,,,2.769230769230769,0.3611111111111111,,,,,,,normal,tall,lean,normal,270.0,78.0,36.111111111111114,4.153846153846153,0.5416666666666666,,,,0
tennis,183.0,70.0,20.902385858042937,TENNIS,Elena Rybakina,183 cm,70 kg,,8.802121212121213,9.511212121212122,tennis.csv,2025-09-13T21:48:26.842517,F,,,,,,2.6142857142857143,0.3825136612021858,,,,,,,normal,tall,lean,normal,274.5,84.0,37.62429454447729,3.9214285714285717,0.5737704918032787,,,,0
tennis,175.0,68.0,22.20408163265306,TENNIS,Jessica Pegula,175 cm,68 kg,,8.802121212121213,9.511212121212122,tennis.csv,2025-09-13T21:48:26.842517,F,,,,,,2.573529411764706,0.38857142857142857,,,,,,,normal,medium,lean,normal,262.5,81.6,39.96734693877551,3.860294117647059,0.5828571428571429,,,,0
tennis,168.0,59.0,20.904195011337873,TENNIS,Simona Halep,168 cm,59 kg,,8.802121212121213,9.511212121212122,tennis.csv,2025-09-13T21:48:26.842517,F,,,,,,2.847457627118644,0.35119047619047616,,,,,,,normal,medium,lean,normal,252.0,70.8,37.62755102040817,4.271186440677966,0.5267857142857142,,,,0
tennis,182.0,70.0,21.132713440405748,TENNIS,Petra Kvitová,182 cm,70 kg,,8.802121212121213,9.511212121212122,tennis.csv,2025-09-13T21:48:26.842517,F,,,,,,2.6,0.38461538461538464,,,,,,,normal,tall,lean,normal,273.0,84.0,38.03888419273035,3.9000000000000004,0.576923076923077,,,,0
tennis,183.0,76.0,22.694018931589476,TENNIS,Roberto Bautista Agut,183 cm,76 kg,,8.802121212121213,9.511212121212122,tennis.csv,2025-09-13T21:48:26.842517,M,,,,,,2.4078947368421053,0.41530054644808745,,,,,,,normal,tall,balanced,normal,274.5,91.2,40.84923407686106,3.611842105263158,0.6229508196721312,,,,0
tennis,167.0,60.0,21.513858510523864,TENNIS,Ons Jabeur,167 cm,60 kg,,8.802121212121213,9.511212121212122,tennis.csv,2025-09-13T21:48:26.842517,F,,,,,,2.783333333333333,0.3592814371257485,,,,,,,normal,medium,lean,normal,250.5,72.0,38.72494531894296,4.175,0.5389221556886228,,,,0
tennis,180.0,69.0,21.296296296296294,TENNIS,Naomi Osaka,180 cm,69 kg,,8.802121212121213,9.511212121212122,tennis.csv,2025-09-13T21:48:26.842517,F,,,,,,2.608695652173913,0.38333333333333336,,,,,,,normal,tall,lean,normal,270.0,82.8,38.33333333333333,3.9130434782608696,0.5750000000000001,,,,0
tennis,170.0,64.0,22.145328719723185,TENNIS,Diego Schwartzman,170 cm,64 kg,,8.802121212121213,9.511212121212122,tennis.csv,2025-09-13T21:48:26.842517,M,,,,,,2.65625,0.3764705882352941,,,,,,,normal,medium,lean,normal,255.0,76.8,39.86159169550174,3.984375,0.5647058823529412,,,,0
tennis,193.0,85.0,22.819404547773097,TENNIS,Nick Kyrgios,193 cm,85 kg,,8.802121212121213,9.511212121212122,tennis.csv,2025-09-13T21:48:26.842517,M,,,,,,2.2705882352941176,0.44041450777202074,,,,,,,normal,very_tall,balanced,normal,289.5,102.0,41.074928185991574,3.4058823529411764,0.6606217616580311,,,,0
tennis,196.0,95.0,24.729279466888798,TENNIS,Matteo Berrettini,196 cm,95 kg,,8.802121212121213,9.511212121212122,tennis.csv,2025-09-13T21:48:26.842517,M,,,,,,2.0631578947368423,0.4846938775510204,,,,,,,normal,very_tall,balanced,normal,294.0,114.0,44.512703040399835,3.0947368421052635,0.7270408163265306,,,,0
tennis,188.0,77.0,21.785875961973744,TENNIS,Novak Djokovic,188 cm,77 kg,,8.802121212121213,9.511212121212122,tennis.csv,2025-09-13T21:48:26.842517,M,,,,,,2.4415584415584415,0.4095744680851064,,,,,,,normal,tall,balanced,normal,282.0,92.39999999999999,39.21457673155274,3.662337662337662,0.6143617021276596,,,,0
tennis,185.0,73.0,21.32943754565376,TENNIS,Carlos Alcaraz,185 cm,73 kg,,8.802121212121213,9.511212121212122,tennis.csv,2025-09-13T21:48:26.842517,M,,,,,,2.5342465753424657,0.3945945945945946,,,,,,,normal,tall,lean,normal,277.5,87.6,38.39298758217677,3.8013698630136985,0.591891891891892,,,,0
tennis,185.0,79.0,23.08254200146092,TENNIS,Jannik Sinner,185 cm,79 kg,,8.802121212121213,9.511212121212122,tennis.csv,2025-09-13T21:48:26.842517,M,,,,,,2.3417721518987342,0.42702702702702705,,,,,,,normal,tall,balanced,normal,277.5,94.8,41.548575602629654,3.5126582278481013,0.6405405405405405,,,,0
tennis,198.0,90.0,22.95684113865932,TENNIS,Alexander Zverev,198 cm,90 kg,,8.802121212121213,9.511212121212122,tennis.csv,2025-09-13T21:48:26.842517,M,,,,,,2.2,0.45454545454545453,,,,,,,normal,very_tall,balanced,normal,297.0,108.0,41.32231404958678,3.3000000000000003,0.6818181818181818,,,,0
tennis,185.0,85.0,24.835646457268076,TENNIS,Rafael Nadal,185 cm,85 kg,,8.802121212121213,9.511212121212122,tennis.csv,2025-09-13T21:48:26.842517,M,,,,,,2.176470588235294,0.4594594594594595,,,,,,,normal,tall,balanced,normal,277.5,102.0,44.704163623082536,3.264705882352941,0.6891891891891893,,,,0
tennis,198.0,83.0,21.17130905009693,TENNIS,Daniil Medvedev,198 cm,83 kg,,8.802121212121213,9.511212121212122,tennis.csv,2025-09-13T21:48:26.842517,M,,,,,,2.3855421686746987,0.41919191919191917,,,,,,,normal,very_tall,balanced,normal,297.0,99.6,38.10835629017448,3.5783132530120483,0.6287878787878788,,,,0
tennis,193.0,91.0,24.43018604526296,TENNIS,Stefanos Tsitsipas,193 cm,91 kg,,8.802121212121213,9.511212121212122,tennis.csv,2025-09-13T21:48:26.842517,M,,,,,,2.120879120879121,0.47150259067357514,,,,,,,normal,very_tall,balanced,normal,289.5,109.2,43.97433488147333,3.1813186813186816,0.7072538860103628,,,,0
tennis,188.0,79.0,22.351742870076958,TENNIS,Andrey Rublev,188 cm,79 kg,,8.802121212121213,9.511212121212122,tennis.csv,2025-09-13T21:48:26.842517,M,,,,,,2.3797468354430378,0.42021276595744683,,,,,,,normal,tall,balanced,normal,282.0,94.8,40.233137166138526,3.5696202531645564,0.6303191489361702,,,,0
tennis,185.0,77.0,22.498173849525198,TENNIS,Casper Ruud,185 cm,77 kg,,8.802121212121213,9.511212121212122,tennis.csv,2025-09-13T21:48:26.842517,M,,,,,,2.4025974025974026,0.41621621621621624,,,,,,,normal,tall,balanced,normal,277.5,92.39999999999999,40.49671292914536,3.603896103896104,0.6243243243243244,,,,0
tennis,188.0,86.0,24.332277048438208,TENNIS,Taylor Fritz,188 cm,86 kg,,8.802121212121213,9.511212121212122,tennis.csv,2025-09-13T21:48:26.842517,M,,,,,,2.186046511627907,0.4574468085106383,,,,,,,normal,tall,balanced,normal,282.0,103.2,43.79809868718878,3.27906976744186,0.6861702127659575,,,,0
tennis,185.0,85.0,24.835646457268076,TENNIS,Frances Tiafoe,185 cm,85 kg,,8.802121212121213,9.511212121212122,tennis.csv,2025-09-13T21:48:26.842517,M,,,,,,2.176470588235294,0.4594594594594595,,,,,,,normal,tall,balanced,normal,277.5,102.0,44.704163623082536,3.264705882352941,0.6891891891891893,,,,0
tennis,185.0,85.0,24.835646457268076,TENNIS,Roger Federer,185 cm,85 kg,,8.802121212121213,9.511212121212122,tennis.csv,2025-09-13T21:48:26.842517,M,,,,,,2.176470588235294,0.4594594594594595,,,,,,,normal,tall,balanced,normal,277.5,102.0,44.704163623082536,3.264705882352941,0.6891891891891893,,,,0
track_field,168.0,60.0,21.258503401360546,SPRINTER,Blessing Okagbare,168 cm,60 kg,,8.802121212121213,9.511212121212122,track_field.csv,2025-09-13T21:48:26.844513,F,,,,,,2.8,0.35714285714285715,,,,,,,normal,medium,lean,normal,252.0,72.0,38.26530612244898,4.199999999999999,0.5357142857142857,,,,0
track_field,170.0,60.0,20.761245674740486,SPRINTER,Sha'Carri Richardson,170 cm,60 kg,,8.802121212121213,9.511212121212122,track_field.csv,2025-09-13T21:48:26.844513,F,,,,,,2.8333333333333335,0.35294117647058826,,,,,,,normal,medium,lean,normal,255.0,72.0,37.37024221453288,4.25,0.5294117647058824,,,,0
track_field,166.0,58.0,21.04804761213529,SPRINTER,Marie-Josee Ta Lou,166 cm,58 kg,,8.802121212121213,9.511212121212122,track_field.csv,2025-09-13T21:48:26.844513,F,,,,,,2.8620689655172415,0.3493975903614458,,,,,,,normal,medium,lean,normal,249.0,69.6,37.88648570184352,4.293103448275862,0.5240963855421688,,,,0
track_field,152.0,52.0,22.506925207756233,SPRINTER,Shelly-Ann Fraser,152 cm,52 kg,,8.802121212121213,9.511212121212122,track_field.csv,2025-09-13T21:48:26.844513,F,,,,,,2.923076923076923,0.34210526315789475,,,,,,,normal,short,lean,normal,228.0,62.4,40.51246537396122,4.384615384615384,0.5131578947368421,,,,0
track_field,165.0,59.0,21.6712580348944,SPRINTER,Carmelita Jeter,165 cm,59 kg,,8.802121212121213,9.511212121212122,track_field.csv,2025-09-13T21:48:26.844513,F,,,,,,2.7966101694915255,0.3575757575757576,,,,,,,normal,medium,lean,normal,247.5,70.8,39.00826446280992,4.194915254237288,0.5363636363636364,,,,0
track_field,178.0,,,SPRINTER,Christian Malcolm,178 cm,,,8.802121212121213,9.511212121212122,track_field.csv,2025-09-13T21:48:26.844513,M,,,,,,,,,,,,,,,tall,,,267.0,,,,,,,,0
track_field,167.0,64.0,22.948115744558788,SPRINTER,Dina Asher-Smith,167 cm,64 kg,,8.802121212121213,9.511212121212122,track_field.csv,2025-09-13T21:48:26.844513,F,,,,,,2.609375,0.38323353293413176,,,,,,,normal,medium,lean,normal,250.5,76.8,41.30660834020582,3.9140625,0.5748502994011977,,,,0
track_field,170.0,60.0,20.761245674740486,SPRINTER,Merlene Ottey,170 cm,60 kg,,8.802121212121213,9.511212121212122,track_field.csv,2025-09-13T21:48:26.844513,F,,,,,,2.8333333333333335,0.35294117647058826,,,,,,,normal,medium,lean,normal,255.0,72.0,37.37024221453288,4.25,0.5294117647058824,,,,0
track_field,170.0,64.0,22.145328719723185,HURDLER,Tobi Amusan,170 cm,64 kg,,8.802121212121213,9.511212121212122,track_field.csv,2025-09-13T21:48:26.844513,F,,,,,,2.65625,0.3764705882352941,,,,,,,normal,medium,lean,normal,255.0,76.8,39.86159169550174,3.984375,0.5647058823529412,,,,0
track_field,168.0,,,SPRINTER,Julien Alfred,168 cm,,,8.802121212121213,9.511212121212122,track_field.csv,2025-09-13T21:48:26.844513,F,,,,,,,,,,,,,,,medium,,,252.0,,,,,,,,0
track_field,183.0,77.0,22.99262444384723,SPRINTER,Reece Prescod,183 cm,77 kg,,8.802121212121213,9.511212121212122,track_field.csv,2025-09-13T21:48:26.844513,M,,,,,,2.3766233766233764,0.4207650273224044,,,,,,,normal,tall,balanced,normal,274.5,92.39999999999999,41.386723998925014,3.5649350649350646,0.6311475409836066,,,,0
track_field,168.0,60.0,21.258503401360546,SPRINTER,Tori Bowie,168 cm,60 kg,,8.802121212121213,9.511212121212122,track_field.csv,2025-09-13T21:48:26.844513,F,,,,,,2.8,0.35714285714285715,,,,,,,normal,medium,lean,normal,252.0,72.0,38.26530612244898,4.199999999999999,0.5357142857142857,,,,0
track_field,168.0,63.0,22.321428571428577,SPRINTER,Elaine Thompson-Herah,168 cm,63 kg,,8.802121212121213,9.511212121212122,track_field.csv,2025-09-13T21:48:26.844513,F,,,,,,2.6666666666666665,0.375,,,,,,,normal,medium,lean,normal,252.0,75.6,40.17857142857144,4.0,0.5625,,,,0
track_field,188.0,86.0,24.332277048438208,SPRINTER,Fred Kerley,188 cm,86 kg,,8.802121212121213,9.511212121212122,track_field.csv,2025-09-13T21:48:26.844513,M,,,,,,2.186046511627907,0.4574468085106383,,,,,,,normal,tall,balanced,normal,282.0,103.2,43.79809868718878,3.27906976744186,0.6861702127659575,,,,0
track_field,183.0,78.0,23.291229956104985,SPRINTER,Kenny Bednarek,183 cm,78 kg,,8.802121212121213,9.511212121212122,track_field.csv,2025-09-13T21:48:26.844513,M,,,,,,2.3461538461538463,0.4262295081967213,,,,,,,normal,tall,balanced,normal,274.5,93.6,41.924213920988976,3.519230769230769,0.6393442622950819,,,,0
track_field,195.0,94.0,24.720578566732414,SPRINTER,Usain Bolt,195 cm,94 kg,,8.802121212121213,9.511212121212122,track_field.csv,2025-09-13T21:48:26.844513,M,,,,,,2.074468085106383,0.48205128205128206,,,,,,,normal,very_tall,balanced,normal,292.5,112.8,44.49704142011834,3.111702127659574,0.7230769230769231,,,,0
track_field,180.0,90.0,27.777777777777775,SPRINTER,Yohan Blake,180 cm,90 kg,,8.802121212121213,9.511212121212122,track_field.csv,2025-09-13T21:48:26.844513,M,,,,,,2.0,0.5,,,,,,,overweight,tall,heavy,muscular,270.0,108.0,49.99999999999999,3.0,0.75,,,,0
track_field,185.0,83.0,24.251278305332356,SPRINTER,Justin Gatlin,185 cm,83 kg,,8.802121212121213,9.511212121212122,track_field.csv,2025-09-13T21:48:26.844513,M,,,,,,2.2289156626506026,0.4486486486486487,,,,,,,normal,tall,balanced,normal,277.5,99.6,43.65230094959824,3.343373493975904,0.672972972972973,,,,0
track_field,176.0,73.0,23.56663223140496,SPRINTER,Christian Coleman,176 cm,73 kg,,8.802121212121213,9.511212121212122,track_field.csv,2025-09-13T21:48:26.844513,M,,,,,,2.410958904109589,0.4147727272727273,,,,,,,normal,tall,balanced,normal,264.0,87.6,42.41993801652893,3.6164383561643834,0.6221590909090909,,,,0
track_field,173.0,75.0,25.05930702662969,SPRINTER,Trayvon Bromell,173 cm,75 kg,,8.802121212121213,9.511212121212122,track_field.csv,2025-09-13T21:48:26.844513,M,,,,,,2.3066666666666666,0.43352601156069365,,,,,,,overweight,medium,balanced,muscular,259.5,90.0,45.10675264793344,3.46,0.6502890173410405,,,,0
track_field,178.0,83.0,26.19618735008206,SPRINTER,Tyson Gay,178 cm,83 kg,,8.802121212121213,9.511212121212122,track_field.csv,2025-09-13T21:48:26.844513,M,,,,,,2.144578313253012,0.46629213483146065,,,,,,,overweight,tall,balanced,muscular,267.0,99.6,47.153137230147706,3.216867469879518,0.699438202247191,,,,0
track_field,176.0,75.0,24.212293388429753,SPRINTER,Andre De Grasse,176 cm,75 kg,,8.802121212121213,9.511212121212122,track_field.csv,2025-09-13T21:48:26.844513,M,,,,,,2.3466666666666667,0.42613636363636365,,,,,,,normal,tall,balanced,normal,264.0,90.0,43.58212809917356,3.52,0.6392045454545454,,,,0
track_field,175.0,,,SPRINTER,Yuki Koike,175 cm,,,8.802121212121213,9.511212121212122,track_field.csv,2025-09-13T21:48:26.844513,M,,,,,,,,,,,,,,,medium,,,262.5,,,,,,,,0
track_field,183.0,,,SPRINTER,Letsile Tebogo,183 cm,,,8.802121212121213,9.511212121212122,track_field.csv,2025-09-13T21:48:26.844513,M,,,,,,,,,,,,,,,tall,,,274.5,,,,,,,,0
track_field,180.0,,,SPRINTER,Erriyon Knighton,180 cm,,,8.802121212121213,9.511212121212122,track_field.csv,2025-09-13T21:48:26.844513,M,,,,,,,,,,,,,,,tall,,,270.0,,,,,,,,0
track_field,188.0,88.0,24.898143956541425,SPRINTER,Asafa Powell,188 cm,88 kg,,8.802121212121213,9.511212121212122,track_field.csv,2025-09-13T21:48:26.844513,M,,,,,,2.1363636363636362,0.46808510638297873,,,,,,,normal,tall,balanced,normal,282.0,105.6,44.81665912177456,3.204545454545454,0.7021276595744681,,,,0
track_field,183.0,79.0,23.589835468362743,SPRINTER,Noah Lyles,183 cm,79 kg,,8.802121212121213,9.511212121212122,track_field.csv,2025-09-13T21:48:26.844513,M,,,,,,2.3164556962025316,0.43169398907103823,,,,,,,normal,tall,balanced,normal,274.5,94.8,42.46170384305294,3.4746835443037973,0.6475409836065573,,,,0
track_field,152.0,52.0,22.506925207756233,SPRINTER,Shelly-Ann Fraser-Pryce,152 cm,52 kg,,8.802121212121213,9.511212121212122,track_field.csv,2025-09-13T21:48:26.844513,F,,,,,,2.923076923076923,0.34210526315789475,,,,,,,normal,short,lean,normal,228.0,62.4,40.51246537396122,4.384615384615384,0.5131578947368421,,,,0
volleyball,202.0,91.0,22.30173512400745,VOLLEYBALL,Amir Ghafour,202 cm,91 kg,,8.802121212121213,9.511212121212122,volleyball.csv,2025-09-13T21:48:26.848336,M,,,,,,2.21978021978022,0.4504950495049505,,,,,,,normal,very_tall,balanced,normal,303.0,109.2,40.143123223213415,3.32967032967033,0.6757425742574258,,,,0
volleyball,197.0,88.0,22.675152670772242,VOLLEYBALL,Sergey Tetyukhin,197 cm,88 kg,,8.802121212121213,9.511212121212122,volleyball.csv,2025-09-13T21:48:26.848336,M,,,,,,2.2386363636363638,0.4467005076142132,,,,,,,normal,very_tall,balanced,normal,295.5,105.6,40.81527480739004,3.357954545454546,0.6700507614213198,,,,0
volleyball,196.0,87.0,22.646813827571847,VOLLEYBALL,Andrea Giani,196 cm,87 kg,,8.802121212121213,9.511212121212122,volleyball.csv,2025-09-13T21:48:26.848336,M,,,,,,2.2528735632183907,0.44387755102040816,,,,,,,normal,very_tall,balanced,normal,294.0,104.39999999999999,40.764264889629324,3.3793103448275863,0.6658163265306123,,,,0
volleyball,188.0,93.0,26.312811226799457,VOLLEYBALL,Karch Kiraly,188 cm,93 kg,,8.802121212121213,9.511212121212122,volleyball.csv,2025-09-13T21:48:26.848336,M,,,,,,2.021505376344086,0.4946808510638298,,,,,,,overweight,tall,balanced,muscular,282.0,111.6,47.36306020823903,3.032258064516129,0.7420212765957447,,,,0
volleyball,189.0,80.0,22.395789591556788,VOLLEYBALL,Saeid Marouf,189 cm,80 kg,,8.802121212121213,9.511212121212122,volleyball.csv,2025-09-13T21:48:26.848336,M,,,,,,2.3625,0.42328042328042326,,,,,,,normal,tall,balanced,normal,283.5,96.0,40.31242126480222,3.5437499999999997,0.6349206349206349,,,,0
volleyball,198.0,91.0,23.21191715131109,VOLLEYBALL,Pavel Pankov,198 cm,91 kg,,8.802121212121213,9.511212121212122,volleyball.csv,2025-09-13T21:48:26.848336,M,,,,,,2.1758241758241756,0.4595959595959596,,,,,,,normal,very_tall,balanced,normal,297.0,109.2,41.78145087235997,3.2637362637362637,0.6893939393939394,,,,0
volleyball,218.0,105.0,22.0940998232472,VOLLEYBALL,Dmitry Muserskiy,218 cm,105 kg,,8.802121212121213,9.511212121212122,volleyball.csv,2025-09-13T21:48:26.848336,M,,,,,,2.0761904761904764,0.481651376146789,,,,,,,normal,very_tall,balanced,normal,327.0,126.0,39.76937968184496,3.1142857142857148,0.7224770642201834,,,,0
volleyball,186.0,80.0,23.12406058503873,VOLLEYBALL,Yuji Nishida,186 cm,80 kg,,8.802121212121213,9.511212121212122,volleyball.csv,2025-09-13T21:48:26.848336,M,,,,,,2.325,0.43010752688172044,,,,,,,normal,tall,balanced,normal,279.0,96.0,41.62330905306972,3.4875000000000003,0.6451612903225806,,,,0
volleyball,191.0,84.0,23.025684602944,VOLLEYBALL,Yūki Ishikawa,191 cm,84 kg,,8.802121212121213,9.511212121212122,volleyball.csv,2025-09-13T21:48:26.848336,M,,,,,,2.2738095238095237,0.4397905759162304,,,,,,,normal,very_tall,balanced,normal,286.5,100.8,41.4462322852992,3.4107142857142856,0.6596858638743456,,,,0
volleyball,193.0,90.0,24.161722462347985,VOLLEYBALL,Kunihiro Shimizu,193 cm,90 kg,,8.802121212121213,9.511212121212122,volleyball.csv,2025-09-13T21:48:26.848336,M,,,,,,2.1444444444444444,0.46632124352331605,,,,,,,normal,very_tall,balanced,normal,289.5,108.0,43.491100432226375,3.216666666666667,0.6994818652849741,,,,0
volleyball,192.0,85.0,23.057725694444446,VOLLEYBALL,Giba,192 cm,85 kg,,8.802121212121213,9.511212121212122,volleyball.csv,2025-09-13T21:48:26.848336,M,,,,,,2.2588235294117647,0.4427083333333333,,,,,,,normal,very_tall,balanced,normal,288.0,102.0,41.50390625000001,3.388235294117647,0.6640625,,,,0
volleyball,194.0,88.0,23.381868423849507,VOLLEYBALL,Nikola Grbić,194 cm,88 kg,,8.802121212121213,9.511212121212122,volleyball.csv,2025-09-13T21:48:26.848336,M,,,,,,2.2045454545454546,0.4536082474226804,,,,,,,normal,very_tall,balanced,normal,291.0,105.6,42.087363162929115,3.3068181818181817,0.6804123711340206,,,,0
volleyball,190.0,92.0,25.48476454293629,VOLLEYBALL,Luciano De Cecco,190 cm,92 kg,,8.802121212121213,9.511212121212122,volleyball.csv,2025-09-13T21:48:26.848336,M,,,,,,2.0652173913043477,0.4842105263157895,,,,,,,overweight,tall,balanced,muscular,285.0,110.39999999999999,45.872576177285325,3.0978260869565215,0.7263157894736842,,,,0
volleyball,202.0,95.0,23.28203117341437,VOLLEYBALL,Aleksandar Atanasijević,202 cm,95 kg,,8.802121212121213,9.511212121212122,volleyball.csv,2025-09-13T21:48:26.848336,M,,,,,,2.126315789473684,0.47029702970297027,,,,,,,normal,very_tall,balanced,normal,303.0,114.0,41.907656112145865,3.189473684210526,0.7054455445544554,,,,0
volleyball,197.0,89.0,22.932824860212836,VOLLEYBALL,Facundo Conte,197 cm,89 kg,,8.802121212121213,9.511212121212122,volleyball.csv,2025-09-13T21:48:26.848336,M,,,,,,2.2134831460674156,0.4517766497461929,,,,,,,normal,very_tall,balanced,normal,295.5,106.8,41.279084748383106,3.320224719101123,0.6776649746192893,,,,0
volleyball,188.0,85.0,24.049343594386603,VOLLEYBALL,Jenia Grebennikov,188 cm,85 kg,,8.802121212121213,9.511212121212122,volleyball.csv,2025-09-13T21:48:26.848336,M,,,,,,2.211764705882353,0.4521276595744681,,,,,,,normal,tall,balanced,normal,282.0,102.0,43.28881846989589,3.3176470588235296,0.6781914893617021,,,,0
volleyball,201.0,85.0,21.03908319101013,VOLLEYBALL,Wilfredo León,201 cm,85 kg,,8.802121212121213,9.511212121212122,volleyball.csv,2025-09-13T21:48:26.848336,M,,,,, ,2.364705882352941,0.4228855721393035,,,,,,,normal,very_tall,balanced,normal,301.5,102.0,37.87034974381823,3.5470588235294116,0.6343283582089553,,,,0
volleyball,194.0,95.0,25.241789775746625,VOLLEYBALL,Earvin N'Gapeth,194 cm,95 kg,,8.802121212121213,9.511212121212122,volleyball.csv,2025-09-13T21:48:26.848336,M,,,,,,2.042105263157895,0.4896907216494845,,,,,,,overweight,very_tall,balanced,muscular,291.0,114.0,45.43522159634393,3.0631578947368423,0.7345360824742267,,,,0
volleyball,202.0,92.0,22.54680913635918,VOLLEYBALL,Ivan Zaytsev,202 cm,92 kg,,8.802121212121213,9.511212121212122,volleyball.csv,2025-09-13T21:48:26.848336,M,,,,,,2.1956521739130435,0.45544554455445546,,,,,,,normal,very_tall,balanced,normal,303.0,110.39999999999999,40.58425644544653,3.2934782608695654,0.6831683168316832,,,,0
volleyball,200.0,85.0,21.25,VOLLEYBALL,Osmany Juantorena,200 cm,85 kg,,8.802121212121213,9.511212121212122,volleyball.csv,2025-09-13T21:48:26.848336,M,,,,,,2.3529411764705883,0.425,,,,,,,normal,very_tall,balanced,normal,300.0,102.0,38.25,3.5294117647058822,0.6375,,,,0
volleyball,198.0,92.0,23.46699316396286,VOLLEYBALL,Simone Giannelli,198 cm,92 kg,,8.802121212121213,9.511212121212122,volleyball.csv,2025-09-13T21:48:26.848336,M,,,,,,2.152173913043478,0.46464646464646464,,,,,,,normal,very_tall,balanced,normal,297.0,110.39999999999999,42.24058769513315,3.228260869565217,0.696969696969697,,,,0
volleyball,190.0,76.0,21.05263157894737,VOLLEYBALL,Bruno Rezende,190 cm,76 kg,,8.802121212121213,9.511212121212122,volleyball.csv,2025-09-13T21:48:26.848336,M,,,,,,2.5,0.4,,,,,,,normal,tall,balanced,normal,285.0,91.2,37.89473684210527,3.75,0.6000000000000001,,,,0
volleyball,202.0,94.0,23.03695716106264,VOLLEYBALL,Maxim Mikhaylov,202 cm,94 kg,,8.802121212121213,9.511212121212122,volleyball.csv,2025-09-13T21:48:26.848336,M,,,,,,2.148936170212766,0.46534653465346537,,,,,,,normal,very_tall,balanced,normal,303.0,112.8,41.46652288991275,3.2234042553191493,0.6980198019801981,,,,0
volleyball,202.0,86.0,21.076365062248797,VOLLEYBALL,Matthew Anderson,202 cm,86 kg,,8.802121212121213,9.511212121212122,volleyball.csv,2025-09-13T21:48:26.848336,M,,,,,,2.3488372093023258,0.42574257425742573,,,,,,,normal,very_tall,balanced,normal,303.0,103.2,37.93745711204784,3.5232558139534884,0.6386138613861386,,,,0
volleyball,198.0,88.0,22.44668911335578,VOLLEYBALL,Micah Christenson,198 cm,88 kg,,8.802121212121213,9.511212121212122,volleyball.csv,2025-09-13T21:48:26.848336,M,,,,,,2.25,0.4444444444444444,,,,,,,normal,very_tall,balanced,normal,297.0,105.6,40.40404040404041,3.375,0.6666666666666666,,,,0
volleyball,196.0,80.0,20.824656393169516,VOLLEYBALL,Taylor Sander,196 cm,80 kg,,8.802121212121213,9.511212121212122,volleyball.csv,2025-09-13T21:48:26.848336,M,,,,,,2.45,0.40816326530612246,,,,,,,normal,very_tall,balanced,normal,294.0,96.0,37.48438150770513,3.6750000000000003,0.6122448979591837,,,,0
volleyball,206.0,110.0,25.921387501178245,VOLLEYBALL,Tsvetan Sokolov,206 cm,110 kg,,8.802121212121213,9.511212121212122,volleyball.csv,2025-09-13T21:48:26.848336,M,,,,,,1.8727272727272728,0.5339805825242718,,,,,,,overweight,very_tall,heavy,muscular,309.0,132.0,46.658497502120845,2.809090909090909,0.8009708737864077,,,,0
volleyball,201.0,95.0,23.514269448776027,VOLLEYBALL,Yoandy Leal,201 cm,95 kg,,8.802121212121213,9.511212121212122,volleyball.csv,2025-09-13T21:48:26.848336,M,,,,,,2.1157894736842104,0.472636815920398,,,,,,,normal,very_tall,balanced,normal,301.5,114.0,42.32568500779685,3.1736842105263157,0.7089552238805971,,,,0
volleyball,209.0,90.0,20.603923902841057,VOLLEYBALL,Egor Kliuka,209 cm,90 kg,,8.802121212121213,9.511212121212122,volleyball.csv,2025-09-13T21:48:26.848336,M,,,,,,2.3222222222222224,0.430622009569378,,,,,,,normal,very_tall,balanced,normal,313.5,108.0,37.087063025113906,3.4833333333333334,0.645933014354067,,,,0
volleyball,198.0,93.0,23.72206917661463,VOLLEYBALL,Wallace de Souza,198 cm,93 kg,,8.802121212121213,9.511212121212122,volleyball.csv,2025-09-13T21:48:26.848336,M,,,,,,2.129032258064516,0.4696969696969697,,,,,,,normal,very_tall,balanced,normal,297.0,111.6,42.69972451790634,3.193548387096774,0.7045454545454546,,,,0
weightlifting,174.0,81.0,26.7538644470868,WEIGHTLIFTER,Karlos Nasar,174 cm,81 kg,,8.802121212121213,9.511212121212122,weightlifting.csv,2025-09-13T21:48:26.851338,M,,,,,,2.1481481481481484,0.46551724137931033,,,,,,,overweight,medium,balanced,muscular,261.0,97.2,48.156956004756246,3.2222222222222223,0.6982758620689655,,,,0
weightlifting,165.0,69.0,25.344352617079892,WEIGHTLIFTER,Daniyar Ismayilov,165 cm,69 kg,,8.802121212121213,9.511212121212122,weightlifting.csv,2025-09-13T21:48:26.851338,M,,,,,,2.391304347826087,0.41818181818181815,,,,,,,overweight,medium,balanced,muscular,247.5,82.8,45.61983471074381,3.5869565217391304,0.6272727272727272,,,,0
weightlifting,170.0,73.0,25.25951557093426,WEIGHTLIFTER,Clarence Cummings Jr.,170 cm,73 kg,,8.802121212121213,9.511212121212122,weightlifting.csv,2025-09-13T21:48:26.851338,M,,,,,,2.328767123287671,0.4294117647058823,,,,,,,overweight,medium,balanced,muscular,255.0,87.6,45.46712802768167,3.493150684931507,0.6441176470588235,,,,0
weightlifting,167.0,77.0,27.60945175517229,WEIGHTLIFTER,Mohamed Ehab,167 cm,77 kg,,8.802121212121213,9.511212121212122,weightlifting.csv,2025-09-13T21:48:26.851338,M,,,,,,2.168831168831169,0.46107784431137727,,,,,,,overweight,medium,balanced,muscular,250.5,92.39999999999999,49.697013159310124,3.2532467532467537,0.6916167664670659,,,,0
weightlifting,168.0,67.0,23.738662131519277,WEIGHTLIFTER,Chen Lijun,168 cm,67 kg,,8.802121212121213,9.511212121212122,weightlifting.csv,2025-09-13T21:48:26.851338,M,,,,,,2.5074626865671643,0.39880952380952384,,,,,,,normal,medium,lean,normal,252.0,80.39999999999999,42.7295918367347,3.7611940298507465,0.5982142857142858,,,,0
weightlifting,181.0,110.0,33.576508653582,WEIGHTLIFTER,Yury Zakharevich,181 cm,110 kg,,8.802121212121213,9.511212121212122,weightlifting.csv,2025-09-13T21:48:26.851338,M,,,,,,1.6454545454545455,0.6077348066298343,,,,,,,obese,tall,heavy,heavy,271.5,132.0,60.43771557644761,2.4681818181818183,0.9116022099447514,,,,1
weightlifting,170.0,77.0,26.643598615916957,WEIGHTLIFTER,Georgi Asanidze,170 cm,77 kg,,8.802121212121213,9.511212121212122,weightlifting.csv,2025-09-13T21:48:26.851338,M,,,,,,2.207792207792208,0.45294117647058824,,,,,,,overweight,medium,balanced,muscular,255.0,92.39999999999999,47.958477508650525,3.311688311688312,0.6794117647058824,,,,0
weightlifting,181.0,125.0,38.15512346997955,WEIGHTLIFTER,Anatoly Pisarenko,181 cm,125 kg,,8.802121212121213,9.511212121212122,weightlifting.csv,2025-09-13T21:48:26.851338,M,,,,,,1.448,0.6906077348066298,,,,,,,obese,tall,heavy,heavy,271.5,150.0,68.67922224596319,2.1719999999999997,1.0359116022099448,,,,1
weightlifting,175.0,85.0,27.755102040816325,WEIGHTLIFTER,Hristo Plachkov,175 cm,85 kg,,8.802121212121213,9.511212121212122,weightlifting.csv,2025-09-13T21:48:26.851338,M,,,,,,2.0588235294117645,0.4857142857142857,,,,,,,overweight,medium,balanced,muscular,262.5,102.0,49.95918367346939,3.0882352941176467,0.7285714285714285,,,,0
weightlifting,170.0,69.0,23.87543252595156,WEIGHTLIFTER,Oleg Chen,170 cm,69 kg,,8.802121212121213,9.511212121212122,weightlifting.csv,2025-09-13T21:48:26.851338,M,,,,,,2.463768115942029,0.40588235294117647,,,,,,,normal,medium,balanced,normal,255.0,82.8,42.97577854671281,3.695652173913043,0.6088235294117648,,,,0
weightlifting,164.0,69.0,25.654372397382513,WEIGHTLIFTER,Tigran Martirosyan,164 cm,69 kg,,8.802121212121213,9.511212121212122,weightlifting.csv,2025-09-13T21:48:26.851338,M,,,,,,2.3768115942028984,0.42073170731707316,,,,,,,overweight,medium,balanced,muscular,246.0,82.8,46.17787031528852,3.5652173913043477,0.6310975609756098,,,,0
weightlifting,182.0,105.0,31.69907016060862,WEIGHTLIFTER,Andrei Aramnau,182 cm,105 kg,,8.802121212121213,9.511212121212122,weightlifting.csv,2025-09-13T21:48:26.851338,M,,,,,,1.7333333333333334,0.5769230769230769,,,,,,,obese,tall,heavy,heavy,273.0,126.0,57.05832628909552,2.6,0.8653846153846153,,,,1
weightlifting,170.0,69.0,23.87543252595156,WEIGHTLIFTER,Valentin Hristov,170 cm,69 kg,,8.802121212121213,9.511212121212122,weightlifting.csv,2025-09-13T21:48:26.851338,M,,,,,,2.463768115942029,0.40588235294117647,,,,,,,normal,medium,balanced,normal,255.0,82.8,42.97577854671281,3.695652173913043,0.6088235294117648,,,,0
weightlifting,180.0,94.0,29.012345679012345,WEIGHTLIFTER,Kakhi Kakhiashvili,180 cm,94 kg,,8.802121212121213,9.511212121212122,weightlifting.csv,2025-09-13T21:48:26.851338,M,,,,,,1.9148936170212767,0.5222222222222223,,,,,,,overweight,tall,heavy,muscular,270.0,112.8,52.22222222222222,2.872340425531915,0.7833333333333334,,,,0
weightlifting,168.0,73.0,25.86451247165533,WEIGHTLIFTER,Shi Zhiyong,168 cm,73 kg,,8.802121212121213,9.511212121212122,weightlifting.csv,2025-09-13T21:48:26.851338,M,,,,,,2.3013698630136985,0.43452380952380953,,,,,,,overweight,medium,balanced,muscular,252.0,87.6,46.5561224489796,3.4520547945205475,0.6517857142857143,,,,0
weightlifting,170.0,82.0,28.373702422145332,WEIGHTLIFTER,Yurik Vardanyan,170 cm,82 kg,,8.802121212121213,9.511212121212122,weightlifting.csv,2025-09-13T21:48:26.851338,M,,,,,,2.073170731707317,0.4823529411764706,,,,,,,overweight,medium,balanced,muscular,255.0,98.39999999999999,51.0726643598616,3.1097560975609757,0.7235294117647059,,,,0
weightlifting,180.0,110.0,33.95061728395061,WEIGHTLIFTER,Leonid Taranenko,180 cm,110 kg,,8.802121212121213,9.511212121212122,weightlifting.csv,2025-09-13T21:48:26.851338,M,,,,,,1.6363636363636365,0.6111111111111112,,,,,,,obese,tall,heavy,heavy,270.0,132.0,61.11111111111111,2.4545454545454546,0.9166666666666667,,,,1
weightlifting,173.0,85.0,28.40054796351365,WEIGHTLIFTER,Pyrros Dimas,173 cm,85 kg,,8.802121212121213,9.511212121212122,weightlifting.csv,2025-09-13T21:48:26.851338,M,,,,,,2.0352941176470587,0.4913294797687861,,,,,,,overweight,medium,balanced,muscular,259.5,102.0,51.12098633432457,3.052941176470588,0.7369942196531791,,,,0
weightlifting,180.0,93.0,28.703703703703702,WEIGHTLIFTER,Akakios Kakiasvilis,180 cm,93 kg,,8.802121212121213,9.511212121212122,weightlifting.csv,2025-09-13T21:48:26.851338,M,,,,,,1.935483870967742,0.5166666666666667,,,,,,,overweight,tall,heavy,muscular,270.0,111.6,51.666666666666664,2.903225806451613,0.7750000000000001,,,,0
weightlifting,175.0,85.0,27.755102040816325,WEIGHTLIFTER,Kianoush Rostami,175 cm,85 kg,,8.802121212121213,9.511212121212122,weightlifting.csv,2025-09-13T21:48:26.851338,M,,,,,,2.0588235294117645,0.4857142857142857,,,,,,,overweight,medium,balanced,muscular,262.5,102.0,49.95918367346939,3.0882352941176467,0.7285714285714285,,,,0
weightlifting,150.0,56.0,24.88888888888889,WEIGHTLIFTER,Halil Mutlu,150 cm,56 kg,,8.802121212121213,9.511212121212122,weightlifting.csv,2025-09-13T21:48:26.851338,M,,,,,,2.6785714285714284,0.37333333333333335,,,,,,,normal,short,lean,normal,225.0,67.2,44.800000000000004,4.017857142857142,0.56,,,,0
weightlifting,147.0,62.0,28.691748808366885,WEIGHTLIFTER,Naim Süleymanoğlu,147 cm,62 kg,,8.802121212121213,9.511212121212122,weightlifting.csv,2025-09-13T21:48:26.851338,M,,,,,,2.370967741935484,0.4217687074829932,,,,,,,overweight,short,balanced,muscular,220.5,74.39999999999999,51.645147855060394,3.556451612903226,0.6326530612244898,,,,0
weightlifting,174.0,104.0,34.35064077156824,WEIGHTLIFTER,Ilya Ilyin,174 cm,104 kg,,8.802121212121213,9.511212121212122,weightlifting.csv,2025-09-13T21:48:26.851338,M,,,,,,1.6730769230769231,0.5977011494252874,,,,,,,obese,medium,heavy,heavy,261.0,124.8,61.83115338882283,2.5096153846153846,0.896551724137931,,,,1
weightlifting,172.0,81.0,27.379664683612766,WEIGHTLIFTER,Lü Xiaojun,172 cm,81 kg,,8.802121212121213,9.511212121212122,weightlifting.csv,2025-09-13T21:48:26.851338,M,,,,,,2.123456790123457,0.47093023255813954,,,,,,,overweight,medium,balanced,muscular,258.0,97.2,49.28339643050298,3.185185185185185,0.7063953488372093,,,,0
weightlifting,186.0,152.0,43.935715111573586,WEIGHTLIFTER,Hossein Rezazadeh,186 cm,152 kg,,8.802121212121213,9.511212121212122,weightlifting.csv,2025-09-13T21:48:26.851338,M,,,,,,1.2236842105263157,0.8172043010752689,,,,,,,obese,tall,heavy,heavy,279.0,182.4,79.08428720083246,1.8355263157894735,1.2258064516129032,,,,1
weightlifting,197.0,,,WEIGHTLIFTER,Behdad Salimi,197 cm,,,8.802121212121213,9.511212121212122,weightlifting.csv,2025-09-13T21:48:26.851338,M,,,,,,,,,,,,,,,very_tall,,,295.5,,,,,,,,0
weightlifting,197.0,183.0,47.15401066762864,WEIGHTLIFTER,Lasha Talakhadze,197 cm,183 kg,,8.802121212121213,9.511212121212122,weightlifting.csv,2025-09-13T21:48:26.851338,M,,,,,,1.0765027322404372,0.9289340101522843,,,,,,,obese,very_tall,heavy,heavy,295.5,219.6,84.87721920173155,1.6147540983606559,1.3934010152284264,,,,1
weightlifting,168.0,82.0,29.053287981859416,WEIGHTLIFTER,Blagoy Blagoev,168 cm,82 kg,,8.802121212121213,9.511212121212122,weightlifting.csv,2025-09-13T21:48:26.851338,M,,,,,,2.048780487804878,0.4880952380952381,,,,,,,overweight,medium,balanced,muscular,252.0,98.39999999999999,52.29591836734695,3.073170731707317,0.7321428571428571,,,,0
weightlifting,185.0,160.0,46.74945215485756,WEIGHTLIFTER,Vasily Alekseyev,185 cm,160 kg,,8.802121212121213,9.511212121212122,weightlifting.csv,2025-09-13T21:48:26.851338,M,,,,,,1.15625,0.8648648648648649,,,,,,,obese,tall,heavy,heavy,277.5,192.0,84.1490138787436,1.734375,1.2972972972972974,,,,1
weightlifting,160.0,52.0,20.312499999999996,WEIGHTLIFTER,Ivan Ivanov,160 cm,52 kg,,8.802121212121213,9.511212121212122,weightlifting.csv,2025-09-13T21:48:26.851338,M,,,,,,3.076923076923077,0.325,,,,,,,normal,short,very_lean,normal,240.0,62.4,36.56249999999999,4.615384615384616,0.48750000000000004,,,,0
