sport,height_cm,weight_kg,bmi,position,Player,height,weight,Wingspan,Hand Length,Hand Width,source_file,processed_date,Sex,Arm Span,Leg Length,Torso Length,Spike Reach,Block Reach,weight_height_ratio,height_weight_ratio,cluster,pca_1,pca_2
distance_running,178.8138528138528,78.85714285714286,23.772820313081258,DISTANCE RUNNER,Tigist Assefa,,,,,,distance_running.csv,2025-09-13T21:48:26.825280,F,,,,,,0.4318662374378764,2.387949025397685,1,-1.0391154712360905e-16,-4.735496363929219e-16
distance_running,165.0,52.0,19.100091827364558,DISTANCE RUNNER,Ruth Chepngetich 2,165 cm,52 kg,,,,distance_running.csv,2025-09-13T21:48:26.825280,F,,,,,,0.3151515151515151,3.173076923076923,2,-4.191776450634141,0.6044025737406422
distance_running,170.0,54.0,18.68512110726644,DISTANCE RUNNER,Paula Radcliffe 2,170 cm,54 kg,,,,distance_running.csv,2025-09-13T21:48:26.825280,F,,,,,,0.3176470588235294,3.1481481481481484,2,-4.1603632058134945,0.2720605021362113
distance_running,178.8138528138528,78.85714285714286,23.772820313081258,DISTANCE RUNNER,Brigid Kosgei 2,,,,,,distance_running.csv,2025-09-13T21:48:26.825280,F,,,,,,0.4318662374378764,2.387949025397685,1,1.933396646697624e-16,-8.262981621268438e-17
distance_running,170.0,57.0,19.723183391003463,DISTANCE RUNNER,Geoffrey Kamworor,170 cm,57 kg,,,,distance_running.csv,2025-09-13T21:48:26.825280,M,,,,,,0.3352941176470588,2.982456140350877,2,-3.4105876384654716,0.3063047091844122
distance_running,170.0,62.0,21.453287197231838,DISTANCE RUNNER,Bernard Lagat,170 cm,62 kg,,,,distance_running.csv,2025-09-13T21:48:26.825280,M,,,,,,0.36470588235294116,2.7419354838709675,2,-2.213563290176635,0.39971571501648917
distance_running,178.8138528138528,78.85714285714286,23.772820313081258,DISTANCE RUNNER,Eliud Kipchoge 2,,,,,,distance_running.csv,2025-09-13T21:48:26.825280,M,,,,,,0.4318662374378764,2.387949025397685,1,9.494039707718908e-18,4.6770688194009835e-17
distance_running,168.0,78.85714285714286,23.772820313081258,DISTANCE RUNNER,Abel Kirui,168 cm,,,,,distance_running.csv,2025-09-13T21:48:26.825280,M,,,,,,0.4318662374378764,2.387949025397685,1,-0.05710605929126045,0.34065370727823857
distance_running,178.8138528138528,78.85714285714286,23.772820313081258,DISTANCE RUNNER,Frank Elite,,,,,,distance_running.csv,2025-09-13T21:48:26.825280,M,,,,,,0.4318662374378764,2.387949025397685,1,9.494039707718908e-18,4.6770688194009835e-17
distance_running,157.0,47.0,19.067710657633167,DISTANCE RUNNER,Yuki Kawauchi,157 cm,47 kg,,,,distance_running.csv,2025-09-13T21:48:26.825280,M,,,,,,0.29936305732484075,3.3404255319148937,2,-4.763370798006415,1.1255715000883557
distance_running,164.0,48.0,17.846519928613922,DISTANCE RUNNER,Catherine Ndereba,164 cm,48 kg,,,,distance_running.csv,2025-09-13T21:48:26.825280,F,,,,,,0.2926829268292683,3.4166666666666665,2,-5.187068251443501,0.6469624815163261
distance_running,157.0,47.0,19.067710657633167,DISTANCE RUNNER,Deena Kastor,157 cm,47 kg,,,,distance_running.csv,2025-09-13T21:48:26.825280,F,,,,,,0.29936305732484075,3.3404255319148937,2,-4.763370798006415,1.1255715000883557
distance_running,178.8138528138528,78.85714285714286,23.772820313081258,DISTANCE RUNNER,Shura Kitata,,,,,,distance_running.csv,2025-09-13T21:48:26.825280,M,,,,,,0.4318662374378764,2.387949025397685,1,9.494039707718908e-18,4.6770688194009835e-17
distance_running,178.0,63.0,19.883853048857468,DISTANCE RUNNER,Galen Rupp,178 cm,63 kg,,,,distance_running.csv,2025-09-13T21:48:26.825280,M,,,,,,0.3539325842696629,2.8253968253968256,2,-2.7697089703738134,-0.19209397229886288
distance_running,178.8138528138528,78.85714285714286,23.772820313081258,DISTANCE RUNNER,Stephen Kiprop,,,,,,distance_running.csv,2025-09-13T21:48:26.825280,M,,,,,,0.4318662374378764,2.387949025397685,1,9.494039707718908e-18,4.6770688194009835e-17
distance_running,165.0,52.0,19.100091827364558,DISTANCE RUNNER,Ruth Chepngetich,165 cm,52 kg,,,,distance_running.csv,2025-09-13T21:48:26.825280,F,,,,,,0.3151515151515151,3.173076923076923,2,-4.191776450634136,0.604402573740643
distance_running,158.0,47.0,18.82711103989745,DISTANCE RUNNER,Mary Keitany,158 cm,47 kg,,,,distance_running.csv,2025-09-13T21:48:26.825280,F,,,,,,0.2974683544303797,3.3617021276595747,2,-4.868473196947711,1.0537925951368101
distance_running,160.0,50.0,19.531249999999996,DISTANCE RUNNER,Kiplimo Jacob,160 cm,50 kg,,,,distance_running.csv,2025-09-13T21:48:26.825280,M,,,,,,0.3125,3.2,2,-4.223498564359469,0.9430822970096252
distance_running,165.0,56.0,20.569329660238754,DISTANCE RUNNER,Kenenisa Bekele,165 cm,56 kg,,,,distance_running.csv,2025-09-13T21:48:26.825280,M,,,,,,0.3393939393939394,2.9464285714285716,2,-3.1552713077758323,0.666137039301429
distance_running,176.0,61.0,19.692665289256198,DISTANCE RUNNER,Kelvin Kiptum,176 cm,61 kg,,,,distance_running.csv,2025-09-13T21:48:26.825280,M,,,,,,0.3465909090909091,2.8852459016393444,2,-3.036481714959379,-0.07474823036404302
distance_running,160.0,48.0,18.749999999999996,DISTANCE RUNNER,Brigid Kosgei,160 cm,48 kg,,,,distance_running.csv,2025-09-13T21:48:26.825280,F,,,,,,0.3,3.3333333333333335,2,-4.78670451350073,0.9206139586519029
distance_running,170.0,54.0,18.68512110726644,DISTANCE RUNNER,Paula Radcliffe,170 cm,54 kg,,,,distance_running.csv,2025-09-13T21:48:26.825280,F,,,,,,0.3176470588235294,3.1481481481481484,2,-4.160363205813496,0.27206050213621086
distance_running,165.0,56.0,20.569329660238754,DISTANCE RUNNER,Haile Gebrselassie,165 cm,56 kg,,,,distance_running.csv,2025-09-13T21:48:26.825280,M,,,,,,0.3393939393939394,2.9464285714285716,2,-3.1552713077758323,0.666137039301429
distance_running,167.0,52.0,18.645344042454013,DISTANCE RUNNER,Eliud Kipchoge,167 cm,52 kg,,,,distance_running.csv,2025-09-13T21:48:26.825280,M,,,,,,0.31137724550898205,3.2115384615384617,2,-4.389083846484208,0.46357718399146497
distance_running,172.0,60.0,20.281233098972418,DISTANCE RUNNER,Wilson Kipsang,172 cm,60 kg,,,,distance_running.csv,2025-09-13T21:48:26.825280,M,,,,,,0.3488372093023256,2.8666666666666667,2,-2.884537092011814,0.20494489628608575
distance_running,168.0,54.0,19.13265306122449,DISTANCE RUNNER,Dennis Kimetto,168 cm,54 kg,,,,distance_running.csv,2025-09-13T21:48:26.825280,M,,,,,,0.32142857142857145,3.111111111111111,2,-3.966921853158744,0.4124495278761203
distance_running,160.0,45.0,17.578124999999996,DISTANCE RUNNER,Yalemzerf Yehualaw,160 cm,45 kg,,,,distance_running.csv,2025-09-13T21:48:26.825280,F,,,,,,0.28125,3.5555555555555554,2,-5.6643182686527,0.9095731184853157
distance_running,165.0,50.0,18.36547291092746,DISTANCE RUNNER,Sifan Hassan,165 cm,50 kg,,,,distance_running.csv,2025-09-13T21:48:26.825280,F,,,,,,0.30303030303030304,3.3,2,-4.730103956687678,0.5874031607587851
distance_running,168.0,78.85714285714286,23.772820313081258,DISTANCE RUNNER,Muktar Edris,168 cm,,,,,distance_running.csv,2025-09-13T21:48:26.825280,M,,,,,,0.4318662374378764,2.387949025397685,1,-0.05710605929126045,0.34065370727823857
distance_running,175.0,63.0,20.571428571428573,DISTANCE RUNNER,Mo Farah,175 cm,63 kg,,,,distance_running.csv,2025-09-13T21:48:26.825280,M,,,,,,0.36,2.7777777777777777,2,-2.4833975470510907,0.030649396047400353
gymnastics,170.0,78.85714285714286,23.772820313081258,GYMNAST,Sam Mikulak,170 cm,,,,,gymnastics.csv,2025-09-13T21:48:26.827281,M,,,,,,0.4318662374378764,2.387949025397685,1,-0.046544410214974755,0.277650499607083
gymnastics,170.0,78.85714285714286,23.772820313081258,GYMNAST,Yul Moldauer,170 cm,,,,,gymnastics.csv,2025-09-13T21:48:26.827281,M,,,,,,0.4318662374378764,2.387949025397685,1,-0.046544410214974755,0.277650499607083
gymnastics,170.0,78.85714285714286,23.772820313081258,GYMNAST,David Belyavskiy,170 cm,,,,,gymnastics.csv,2025-09-13T21:48:26.827281,M,,,,,,0.4318662374378764,2.387949025397685,1,-0.046544410214974755,0.277650499607083
gymnastics,169.0,78.85714285714286,23.772820313081258,GYMNAST,Epke Zonderland,169 cm,,,,,gymnastics.csv,2025-09-13T21:48:26.827281,M,,,,,,0.4318662374378764,2.387949025397685,1,-0.051825234753117504,0.3091521034426608
gymnastics,168.0,78.85714285714286,23.772820313081258,GYMNAST,Diego Hypólito,168 cm,,,,,gymnastics.csv,2025-09-13T21:48:26.827281,M,,,,,,0.4318662374378764,2.387949025397685,1,-0.05710605929126045,0.34065370727823857
gymnastics,160.0,78.85714285714286,23.772820313081258,GYMNAST,Morgan Hurd,160 cm,,,,,gymnastics.csv,2025-09-13T21:48:26.827281,F,,,,,,0.4318662374378764,2.387949025397685,1,-0.09935265559640445,0.5926665379628603
gymnastics,164.0,78.85714285714286,23.772820313081258,GYMNAST,Sanne Wevers,164 cm,,,,,gymnastics.csv,2025-09-13T21:48:26.827281,F,,,,,,0.4318662374378764,2.387949025397685,1,-0.0782293574438324,0.46666012262054957
gymnastics,165.0,78.85714285714286,23.772820313081258,GYMNAST,Giulia Steingruber,165 cm,,,,,gymnastics.csv,2025-09-13T21:48:26.827281,F,,,,,,0.4318662374378764,2.387949025397685,1,-0.07294853290568971,0.43515851878497197
gymnastics,163.0,78.85714285714286,23.772820313081258,GYMNAST,Aly Raisman,163 cm,,,,,gymnastics.csv,2025-09-13T21:48:26.827281,F,,,,,,0.4318662374378764,2.387949025397685,1,-0.08351018198197564,0.4981617264561271
gymnastics,160.0,78.85714285714286,23.772820313081258,GYMNAST,Oksana Chusovitina,160 cm,,,,,gymnastics.csv,2025-09-13T21:48:26.827281,F,,,,,,0.4318662374378764,2.387949025397685,1,-0.09935265559640445,0.5926665379628603
gymnastics,165.0,78.85714285714286,23.772820313081258,GYMNAST,Giarnni Regini-Moran,165 cm,,,,,gymnastics.csv,2025-09-13T21:48:26.827281,M,,,,,,0.4318662374378764,2.387949025397685,1,-0.07294853290568971,0.43515851878497197
gymnastics,164.0,78.85714285714286,23.772820313081258,GYMNAST,Oleg Verniaiev,164 cm,,,,,gymnastics.csv,2025-09-13T21:48:26.827281,M,,,,,,0.4318662374378764,2.387949025397685,1,-0.0782293574438324,0.46666012262054957
gymnastics,157.0,78.85714285714286,23.772820313081258,GYMNAST,Shilese Jones,157 cm,,,,,gymnastics.csv,2025-09-13T21:48:26.827281,F,,,,,,0.4318662374378764,2.387949025397685,1,-0.11519512921083361,0.6871713494695936
gymnastics,160.0,78.85714285714286,23.772820313081258,GYMNAST,Max Whitlock,160 cm,,,,,gymnastics.csv,2025-09-13T21:48:26.827281,M,,,,,,0.4318662374378764,2.387949025397685,1,-0.09935265559640445,0.5926665379628603
gymnastics,157.0,78.85714285714286,23.772820313081258,GYMNAST,Jade Carey,157 cm,,,,,gymnastics.csv,2025-09-13T21:48:26.827281,F,,,,,,0.4318662374378764,2.387949025397685,1,-0.11519512921083361,0.6871713494695936
gymnastics,162.0,78.85714285714286,23.772820313081258,GYMNAST,Artur Dalaloyan,162 cm,,,,,gymnastics.csv,2025-09-13T21:48:26.827281,M,,,,,,0.4318662374378764,2.387949025397685,1,-0.08879100652011847,0.5296633302917051
gymnastics,142.0,47.0,23.30886728823646,GYMNAST,Simone Biles,142 cm,47.0 kg,,,,gymnastics.csv,2025-09-13T21:48:26.827281,F,,,,,,0.33098591549295775,3.021276595744681,2,-2.996114178122384,2.3659313957144485
gymnastics,151.0,78.85714285714286,23.772820313081258,GYMNAST,Rebeca Andrade,151 cm,,,,,gymnastics.csv,2025-09-13T21:48:26.827281,F,,,,,,0.4318662374378764,2.387949025397685,1,-0.14688007643969134,0.8761809724830601
gymnastics,152.0,78.85714285714286,23.772820313081258,GYMNAST,Sunisa Lee,152 cm,,,,,gymnastics.csv,2025-09-13T21:48:26.827281,F,,,,,,0.4318662374378764,2.387949025397685,1,-0.14159925190154765,0.8446793686474824
gymnastics,152.0,78.85714285714286,23.772820313081258,GYMNAST,Jessica Gadirova,152 cm,,,,,gymnastics.csv,2025-09-13T21:48:26.827281,F,,,,,,0.4318662374378764,2.387949025397685,1,-0.14159925190154765,0.8446793686474824
gymnastics,160.0,78.85714285714286,23.772820313081258,GYMNAST,Viktoria Listunova,160 cm,,,,,gymnastics.csv,2025-09-13T21:48:26.827281,F,,,,,,0.4318662374378764,2.387949025397685,1,-0.09935265559640445,0.5926665379628603
gymnastics,152.0,78.85714285714286,23.772820313081258,GYMNAST,Angelina Melnikova,152 cm,,,,,gymnastics.csv,2025-09-13T21:48:26.827281,F,,,,,,0.4318662374378764,2.387949025397685,1,-0.14159925190154765,0.8446793686474824
gymnastics,150.0,78.85714285714286,23.772820313081258,GYMNAST,Carlos Yulo,150 cm,,,,,gymnastics.csv,2025-09-13T21:48:26.827281,M,,,,,,0.4318662374378764,2.387949025397685,1,-0.1521609009778342,0.9076825763186379
gymnastics,165.0,78.85714285714286,23.772820313081258,GYMNAST,Asia D'Amato,165 cm,,,,,gymnastics.csv,2025-09-13T21:48:26.827281,F,,,,,,0.4318662374378764,2.387949025397685,1,-0.07294853290568971,0.43515851878497197
gymnastics,165.0,78.85714285714286,23.772820313081258,GYMNAST,Larisa Iordache,165 cm,,,,,gymnastics.csv,2025-09-13T21:48:26.827281,F,,,,,,0.4318662374378764,2.387949025397685,1,-0.07294853290568971,0.43515851878497197
gymnastics,162.0,54.0,20.576131687242793,GYMNAST,Kōhei Uchimura,162 cm,54.0 kg,,,,gymnastics.csv,2025-09-13T21:48:26.827281,M,,,,,,0.3333333333333333,3.0,2,-3.3556971483364064,0.8597133642474355
gymnastics,166.0,78.85714285714286,23.772820313081258,GYMNAST,Daiki Hashimoto,166 cm,,,,,gymnastics.csv,2025-09-13T21:48:26.827281,M,,,,,,0.4318662374378764,2.387949025397685,1,-0.06766770836754663,0.40365691494939415
gymnastics,168.0,78.85714285714286,23.772820313081258,GYMNAST,Nikita Nagornyy,168 cm,,,,,gymnastics.csv,2025-09-13T21:48:26.827281,M,,,,,,0.4318662374378764,2.387949025397685,1,-0.05710605929126045,0.34065370727823857
gymnastics,150.0,78.85714285714286,23.772820313081258,GYMNAST,Alice D'Amato,150 cm,,,,,gymnastics.csv,2025-09-13T21:48:26.827281,F,,,,,,0.4318662374378764,2.387949025397685,1,-0.1521609009778342,0.9076825763186379
rowing,189.0,90.0,25.195263290501387,ROWER,Damir Martin,189 cm,90 kg,,,,rowing.csv,2025-09-13T21:48:26.830914,M,,,,,,0.47619047619047616,2.1,1,1.537094249895072,-0.4855147374075074
rowing,177.0,72.0,22.981901752370007,ROWER,Fintan McCarthy,177 cm,72 kg,,,,rowing.csv,2025-09-13T21:48:26.830914,M,,,,,,0.4067796610169492,2.4583333333333335,1,-0.7225753516727824,0.07055122786112704
rowing,177.0,72.0,22.981901752370007,ROWER,Paul O'Donovan,177 cm,72 kg,,,,rowing.csv,2025-09-13T21:48:26.830914,M,,,,,,0.4067796610169492,2.4583333333333335,1,-0.7225753516727824,0.07055122786112704
rowing,176.0,69.0,22.275309917355372,ROWER,Zoe Stevenson,176 cm,69 kg,,,,rowing.csv,2025-09-13T21:48:26.830914,F,,,,,,0.39204545454545453,2.550724637681159,1,-1.257763509262058,0.07829659205358805
rowing,179.0,80.0,24.968009737523797,ROWER,Emma Twigg,179 cm,80 kg,,,,rowing.csv,2025-09-13T21:48:26.830914,F,,,,,,0.44692737430167595,2.2375,1,0.6973136715935941,0.12315916970634432
rowing,179.0,74.0,23.095409007209515,ROWER,Grace Prendergast,179 cm,74 kg,,,,rowing.csv,2025-09-13T21:48:26.830914,F,,,,,,0.4134078212290503,2.418918918918919,1,-0.5124281949268125,-0.04591679985960083
rowing,191.0,88.0,24.12214577451276,ROWER,Andrew Triggs Hodge,191 cm,88 kg,,,,rowing.csv,2025-09-13T21:48:26.830914,M,,,,,,0.4607329842931937,2.1704545454545454,1,0.9752429423760425,-0.7099767143099166
rowing,190.0,87.0,24.099722991689752,ROWER,Lucerne Rotsee,190 cm,87 kg,,,,rowing.csv,2025-09-13T21:48:26.830914,M,,,,,,0.45789473684210524,2.1839080459770117,1,0.8926114662098417,-0.6493743390198595
rowing,198.0,98.0,24.997449239873482,ROWER,Pete Reed,198 cm,98 kg,,,,rowing.csv,2025-09-13T21:48:26.830914,M,,,,,,0.494949494949495,2.020408163265306,1,2.029001256994223,-1.069941896990265
rowing,185.0,83.0,24.251278305332356,ROWER,Jurgen Grobler,185 cm,83 kg,,,,rowing.csv,2025-09-13T21:48:26.830914,M,,,,,,0.4486486486486487,2.2289156626506026,1,0.6509484135565877,-0.32240062643881523
rowing,183.0,75.0,22.395413419331717,ROWER,Sarah Cook,183 cm,75 kg,,,,rowing.csv,2025-09-13T21:48:26.830914,F,,,,,,0.4098360655737705,2.44,1,-0.70887386029994,-0.35154840908466006
rowing,200.0,103.0,25.75,ROWER,Ondřej Synek,200 cm,103 kg,,,,rowing.csv,2025-09-13T21:48:26.830914,M,,,,,,0.515,1.941747572815534,1,2.6610606460112116,-1.125487502121385
rowing,191.0,77.0,21.106877552698666,ROWER,Grace Luczak,191 cm,77 kg,,,,rowing.csv,2025-09-13T21:48:26.830914,F,,,,,,0.4031413612565445,2.4805194805194803,1,-1.0668086931418537,-0.9355744879055611
rowing,182.0,75.0,22.6421929718633,ROWER,Kerri Gowler,182 cm,75 kg,,,,rowing.csv,2025-09-13T21:48:26.830914,F,,,,,,0.41208791208791207,2.4266666666666667,1,-0.6105542251181336,-0.2702234500302404
rowing,177.0,76.0,24.258674071946118,ROWER,Viorica Neculai,177 cm,76 kg,,,,rowing.csv,2025-09-13T21:48:26.830914,F,,,,,,0.4293785310734463,2.3289473684210527,1,0.10596601622551169,0.1819559796739107
rowing,190.0,89.0,24.653739612188367,ROWER,Martin Sinković,190 cm,89 kg,,,,rowing.csv,2025-09-13T21:48:26.830914,M,,,,,,0.46842105263157896,2.134831460674157,1,1.2551082949291945,-0.5994275016019913
rowing,193.0,94.0,25.235576794007894,ROWER,James Cracknell,193 cm,94 kg,,,,rowing.csv,2025-09-13T21:48:26.830914,M,,,,,,0.48704663212435234,2.0531914893617023,1,1.8400504699731308,-0.73344794709247
rowing,193.0,91.0,24.43018604526296,ROWER,Valent Sinković,193 cm,91 kg,,,,rowing.csv,2025-09-13T21:48:26.830914,M,,,,,,0.47150259067357514,2.120879120879121,1,1.3138809220418766,-0.80783034154546
rowing,195.0,100.0,26.298487836949377,ROWER,Steve Redgrave,195 cm,100 kg,,,,rowing.csv,2025-09-13T21:48:26.830914,M,,,,,,0.5128205128205128,1.95,1,2.666161620283453,-0.7555152544928309
rowing,196.0,98.0,25.510204081632654,ROWER,Matthew Pinsent,196 cm,98 kg,,,,rowing.csv,2025-09-13T21:48:26.830914,M,,,,,,0.5,2.0,1,2.2264407831001143,-0.8961526323973644
rowing,200.0,99.0,24.75,ROWER,Mahe Drysdale,200 cm,99 kg,,,,rowing.csv,2025-09-13T21:48:26.830914,M,,,,,,0.495,2.0202020202020203,1,2.0025148790294813,-1.2177374340980684
rowing,189.0,88.0,24.635368550712467,ROWER,Hamish Bond,189 cm,88 kg,,,,rowing.csv,2025-09-13T21:48:26.830914,M,,,,,,0.4656084656084656,2.147727272727273,1,1.1745710018699025,-0.5383472247086478
rowing,198.0,100.0,25.507601265177023,ROWER,Eric Murray,198 cm,100 kg,,,,rowing.csv,2025-09-13T21:48:26.830914,M,,,,,,0.5050505050505051,1.98,1,2.3635487870143663,-1.0224162019664291
rowing,193.0,93.0,24.967113211092915,ROWER,Olaf Tufte,193 cm,93 kg,,,,rowing.csv,2025-09-13T21:48:26.830914,M,,,,,,0.48186528497409326,2.075268817204301,1,1.6653769049667468,-0.7587368897350296
rowing,181.0,74.0,22.587833094227893,ROWER,Kim Brennan,181 cm,74 kg,,,,rowing.csv,2025-09-13T21:48:26.830914,F,,,,,,0.4088397790055249,2.445945945945946,1,-0.7137653634190112,-0.2118315461682673
rowing,182.0,70.0,21.132713440405748,ROWER,Katherine Grainger,182 cm,70 kg,,,,rowing.csv,2025-09-13T21:48:26.830914,F,,,,,,0.38461538461538464,2.6,2,-1.6340707155378862,-0.37541671962835166
rowing,178.0,70.0,22.093170054286073,ROWER,Helen Glover,178 cm,70 kg,,,,rowing.csv,2025-09-13T21:48:26.830914,F,,,,,,0.39325842696629215,2.5428571428571427,1,-1.2453786334324637,-0.060796205068489595
rowing,178.0,70.0,22.093170054286073,ROWER,Heather Stanning,178 cm,70 kg,,,,rowing.csv,2025-09-13T21:48:26.830914,F,,,,,,0.39325842696629215,2.5428571428571427,1,-1.2453786334324637,-0.060796205068489595
rowing,193.0,90.0,24.161722462347985,ROWER,Drew Ginn,193 cm,90 kg,,,,rowing.csv,2025-09-13T21:48:26.830914,M,,,,,,0.46632124352331605,2.1444444444444444,1,1.137010751836454,-0.8316018633027824
rowing,186.0,76.0,21.967857555786793,ROWER,Georgina Rowe,186 cm,76 kg,,,,rowing.csv,2025-09-13T21:48:26.830914,F,,,,,,0.40860215053763443,2.4473684210526314,1,-0.7991140227291976,-0.5695772429215261
soccer,193.0,92.0,24.69864962817794,SOCCER,Manuel Neuer,193 cm,92 kg,,,,soccer.csv,2025-09-13T21:48:26.832929,M,,,,,,0.47668393782383417,2.097826086956522,1,1.4899948413552855,-0.7835363996015133
soccer,183.0,76.0,22.694018931589476,SOCCER,Toni Kroos,183 cm,76 kg,,,,soccer.csv,2025-09-13T21:48:26.832929,M,,,,,,0.41530054644808745,2.4078947368421053,1,-0.5090706514933888,-0.32874330456268896
soccer,168.0,70.0,24.801587301587304,SOCCER,N'Golo Kanté,168 cm,70 kg,,,,soccer.csv,2025-09-13T21:48:26.832929,M,,,,,,0.4166666666666667,2.4,1,-0.17863841695624272,0.8051977410654605
soccer,177.0,75.0,23.93948099205209,SOCCER,Joshua Kimmich,177 cm,75 kg,,,,soccer.csv,2025-09-13T21:48:26.832929,M,,,,,,0.423728813559322,2.36,1,-0.09925930760271497,0.15278534595607998
soccer,193.0,92.0,24.69864962817794,SOCCER,Virgil van Dijk,193 cm,92 kg,,,,soccer.csv,2025-09-13T21:48:26.832929,M,,,,,,0.47668393782383417,2.097826086956522,1,1.4899948413552855,-0.7835363996015133
soccer,191.0,91.0,24.94449165318933,SOCCER,Alisson Becker,191 cm,91 kg,,,,soccer.csv,2025-09-13T21:48:26.832929,M,,,,,,0.47643979057591623,2.098901098901099,1,1.512960944082484,-0.63518306365225
soccer,176.0,73.0,23.56663223140496,SOCCER,Antoine Griezmann,176 cm,73 kg,,,,soccer.csv,2025-09-13T21:48:26.832929,M,,,,,,0.4147727272727273,2.410958904109589,1,-0.4089928542608379,0.18285761415614404
soccer,185.0,78.0,22.79035792549306,SOCCER,Victor Osimhen,185 cm,78 kg,,,,soccer.csv,2025-09-13T21:48:26.832929,M,,,,,,0.42162162162162165,2.371794871794872,1,-0.31107590337288743,-0.4461720786850292
soccer,172.0,66.0,22.30935640886966,SOCCER,Luka Modrić,172 cm,66 kg,,,,soccer.csv,2025-09-13T21:48:26.832929,M,,,,,,0.38372093023255816,2.606060606060606,2,-1.5055315750609568,0.33326188461298833
soccer,184.0,82.0,24.22022684310019,SOCCER,Sergio Ramos,184 cm,82 kg,,,,soccer.csv,2025-09-13T21:48:26.832929,M,,,,,,0.44565217391304346,2.2439024390243905,1,0.5623682092754935,-0.262414497175014
soccer,177.0,75.0,23.93948099205209,SOCCER,Paulo Dybala,177 cm,75 kg,,,,soccer.csv,2025-09-13T21:48:26.832929,M,,,,,,0.423728813559322,2.36,1,-0.09925930760271497,0.15278534595607998
soccer,195.0,95.0,24.983563445101908,SOCCER,Zlatan Ibrahimović,195 cm,95 kg,,,,soccer.csv,2025-09-13T21:48:26.832929,M,,,,,,0.48717948717948717,2.0526315789473686,1,1.813705917641408,-0.8828359296608862
soccer,187.0,85.0,24.307243558580453,SOCCER,Marc-André ter Stegen,187 cm,85 kg,,,,soccer.csv,2025-09-13T21:48:26.832929,M,,,,,,0.45454545454545453,2.2,1,0.8240807759800749,-0.4428523920047892
soccer,191.0,94.0,25.766837531865903,SOCCER,Romelu Lukaku,191 cm,94 kg,,,,soccer.csv,2025-09-13T21:48:26.832929,M,,,,,,0.49214659685863876,2.0319148936170213,1,2.0439367046894743,-0.5557318543845606
soccer,185.0,81.0,23.66691015339664,SOCCER,Karim Benzema,185 cm,81 kg,,,,soccer.csv,2025-09-13T21:48:26.832929,M,,,,,,0.43783783783783786,2.2839506172839505,1,0.2692634390329782,-0.37406779474511087
soccer,175.0,69.0,22.53061224489796,SOCCER,Sadio Mané,175 cm,69 kg,,,,soccer.csv,2025-09-13T21:48:26.832929,M,,,,,,0.3942857142857143,2.536231884057971,1,-1.1556784480395892,0.1606718199719111
soccer,187.0,84.0,24.021275987303035,SOCCER,Cristiano Ronaldo,187 cm,84 kg,,,,soccer.csv,2025-09-13T21:48:26.832929,M,,,,,,0.44919786096256686,2.2261904761904763,1,0.6373214250959819,-0.46844214197329376
soccer,170.0,69.0,23.87543252595156,SOCCER,Raheem Sterling,170 cm,69 kg,,,,soccer.csv,2025-09-13T21:48:26.832929,M,,,,,,0.40588235294117647,2.463768115942029,1,-0.6241787842073748,0.5902107308516469
soccer,178.0,73.0,23.04002019946976,SOCCER,Kylian Mbappé,178 cm,73 kg,,,,soccer.csv,2025-09-13T21:48:26.832929,M,,,,,,0.4101123595505618,2.4383561643835616,1,-0.6165808960586662,0.01238974098743863
soccer,195.0,94.0,24.720578566732414,SOCCER,Erling Haaland,195 cm,94 kg,,,,soccer.csv,2025-09-13T21:48:26.832929,M,,,,,,0.48205128205128206,2.074468085106383,1,1.6412806512727756,-0.9069639652689319
soccer,181.0,70.0,21.36686914318855,SOCCER,Kevin De Bruyne,181 cm,70 kg,,,,soccer.csv,2025-09-13T21:48:26.832929,M,,,,,,0.3867403314917127,2.585714285714286,2,-1.5387485326157149,-0.29830165595738695
soccer,175.0,68.0,22.20408163265306,SOCCER,Neymar Jr.,175 cm,68 kg,,,,soccer.csv,2025-09-13T21:48:26.832929,M,,,,,,0.38857142857142857,2.573529411764706,2,-1.3725951820073956,0.13598275824658815
soccer,170.0,72.0,24.913494809688583,SOCCER,Lionel Messi,170 cm,72 kg,,,,soccer.csv,2025-09-13T21:48:26.832929,M,,,,,,0.4235294117647059,2.361111111111111,1,0.03254341401952277,0.6887364600449102
soccer,185.0,81.0,23.66691015339664,SOCCER,Robert Lewandowski,185 cm,81 kg,,,,soccer.csv,2025-09-13T21:48:26.832929,M,,,,,,0.43783783783783786,2.2839506172839505,1,0.2692634390329782,-0.37406779474511087
soccer,188.0,86.0,24.332277048438208,SOCCER,Harry Kane,188 cm,86 kg,,,,soccer.csv,2025-09-13T21:48:26.832929,M,,,,,,0.4574468085106383,2.186046511627907,1,0.9087092997217071,-0.5033123223752556
soccer,186.0,75.0,21.678806798473808,SOCCER,Jude Bellingham,186 cm,75 kg,,,,soccer.csv,2025-09-13T21:48:26.832929,M,,,,,,0.4032258064516129,2.48,1,-0.9964361077436431,-0.5893905789476649
soccer,171.0,70.0,23.938989774631512,SOCCER,Phil Foden,171 cm,70 kg,,,,soccer.csv,2025-09-13T21:48:26.832929,M,,,,,,0.4093567251461988,2.442857142857143,1,-0.5140866537027818,0.5324510960959821
soccer,173.0,64.0,21.383941996057334,SOCCER,Bernardo Silva,173 cm,64 kg,,,,soccer.csv,2025-09-13T21:48:26.832929,M,,,,,,0.3699421965317919,2.703125,2,-2.058591765695377,0.20523927833807024
soccer,176.0,73.0,23.56663223140496,SOCCER,Vinícius Júnior,176 cm,73 kg,,,,soccer.csv,2025-09-13T21:48:26.832929,M,,,,,,0.4147727272727273,2.410958904109589,1,-0.4089928542608379,0.18285761415614404
soccer,175.0,71.0,23.183673469387756,SOCCER,Mohamed Salah,175 cm,71 kg,,,,soccer.csv,2025-09-13T21:48:26.832929,M,,,,,,0.4057142857142857,2.464788732394366,1,-0.7264978753093125,0.21326417616883267
tennis,191.0,80.0,21.929223431375238,TENNIS,Grigor Dimitrov,191 cm,80 kg,,,,tennis.csv,2025-09-13T21:48:26.842517,M,,,,,,0.418848167539267,2.3875,1,-0.4974021582679873,-0.8826713627150036
tennis,198.0,86.0,21.93653708805224,TENNIS,Marin Čilić,198 cm,86 kg,,,,tennis.csv,2025-09-13T21:48:26.842517,M,,,,,,0.43434343434343436,2.302325581395349,1,-0.036547919431841165,-1.3148471389738097
tennis,208.0,109.0,25.194156804733726,TENNIS,John Isner,208 cm,109 kg,,,,tennis.csv,2025-09-13T21:48:26.842517,M,,,,,,0.5240384615384616,1.908256880733945,1,2.846943619490468,-1.680561465067038
tennis,211.0,109.0,24.48282832820467,TENNIS,Reilly Opelka,211 cm,109 kg,,,,tennis.csv,2025-09-13T21:48:26.842517,M,,,,,,0.5165876777251185,1.9357798165137614,1,2.5711980962154115,-1.9293499812130133
tennis,176.0,63.0,20.33832644628099,TENNIS,Iga Świątek,176 cm,63 kg,,,,tennis.csv,2025-09-13T21:48:26.842517,F,,,,,,0.35795454545454547,2.7936507936507935,2,-2.58004439888083,-0.0446093207725046
tennis,183.0,77.0,22.99262444384723,TENNIS,Aryna Sabalenka,183 cm,77 kg,,,,tennis.csv,2025-09-13T21:48:26.842517,F,,,,,,0.4207650273224044,2.3766233766233764,1,-0.3104984647278911,-0.3050878066445382
tennis,181.0,70.0,21.36686914318855,TENNIS,Barbora Krejčíková,181 cm,70 kg,,,,tennis.csv,2025-09-13T21:48:26.842517,F,,,,,,0.3867403314917127,2.585714285714286,2,-1.5387485326157149,-0.29830165595738695
tennis,180.0,65.0,20.061728395061728,TENNIS,Coco Gauff,180 cm,65 kg,,,,tennis.csv,2025-09-13T21:48:26.842517,F,,,,,,0.3611111111111111,2.769230769230769,2,-2.513293821381162,-0.30908530262074635
tennis,183.0,70.0,20.902385858042937,TENNIS,Elena Rybakina,183 cm,70 kg,,,,tennis.csv,2025-09-13T21:48:26.842517,F,,,,,,0.3825136612021858,2.6142857142857143,2,-1.7282017680100656,-0.45154244065752547
tennis,175.0,68.0,22.20408163265306,TENNIS,Jessica Pegula,175 cm,68 kg,,,,tennis.csv,2025-09-13T21:48:26.842517,F,,,,,,0.38857142857142857,2.573529411764706,2,-1.3725951820073956,0.13598275824658815
tennis,168.0,59.0,20.904195011337873,TENNIS,Simona Halep,168 cm,59 kg,,,,tennis.csv,2025-09-13T21:48:26.842517,F,,,,,,0.35119047619047616,2.847457627118644,2,-2.72192172920294,0.49293277821474485
tennis,182.0,70.0,21.132713440405748,TENNIS,Petra Kvitová,182 cm,70 kg,,,,tennis.csv,2025-09-13T21:48:26.842517,F,,,,,,0.38461538461538464,2.6,2,-1.6340707155378862,-0.37541671962835166
tennis,183.0,76.0,22.694018931589476,TENNIS,Roberto Bautista Agut,183 cm,76 kg,,,,tennis.csv,2025-09-13T21:48:26.842517,M,,,,,,0.41530054644808745,2.4078947368421053,1,-0.5090706514933888,-0.32874330456268896
tennis,167.0,60.0,21.513858510523864,TENNIS,Ons Jabeur,167 cm,60 kg,,,,tennis.csv,2025-09-13T21:48:26.842517,F,,,,,,0.3592814371257485,2.783333333333333,2,-2.3763590196594495,0.5946270617146628
tennis,180.0,69.0,21.296296296296294,TENNIS,Naomi Osaka,180 cm,69 kg,,,,tennis.csv,2025-09-13T21:48:26.842517,F,,,,,,0.38333333333333336,2.608695652173913,2,-1.6530411951551032,-0.24029588377737826
tennis,170.0,64.0,22.145328719723185,TENNIS,Diego Schwartzman,170 cm,64 kg,,,,tennis.csv,2025-09-13T21:48:26.842517,M,,,,,,0.3764705882352941,2.65625,2,-1.7502874600611602,0.44781098435256766
tennis,193.0,85.0,22.819404547773097,TENNIS,Nick Kyrgios,193 cm,85 kg,,,,tennis.csv,2025-09-13T21:48:26.842517,M,,,,,,0.44041450777202074,2.2705882352941176,1,0.2403819451507707,-0.9419778267065727
tennis,196.0,95.0,24.729279466888798,TENNIS,Matteo Berrettini,196 cm,95 kg,,,,tennis.csv,2025-09-13T21:48:26.842517,M,,,,,,0.4846938775510204,2.0631578947368423,1,1.7154164241447545,-0.9688736886328426
tennis,188.0,77.0,21.785875961973744,TENNIS,Novak Djokovic,188 cm,77 kg,,,,tennis.csv,2025-09-13T21:48:26.842517,M,,,,,,0.4095744680851064,2.4415584415584415,1,-0.7920001973245315,-0.7064164699940104
tennis,185.0,73.0,21.32943754565376,TENNIS,Carlos Alcaraz,185 cm,73 kg,,,,tennis.csv,2025-09-13T21:48:26.842517,M,,,,,,0.3945945945945946,2.5342465753424657,1,-1.3019934773916964,-0.5499839898316263
tennis,185.0,79.0,23.08254200146092,TENNIS,Jannik Sinner,185 cm,79 kg,,,,tennis.csv,2025-09-13T21:48:26.842517,M,,,,,,0.42702702702702705,2.3417721518987342,1,-0.1165351333869706,-0.42289327836264407
tennis,198.0,90.0,22.95684113865932,TENNIS,Alexander Zverev,198 cm,90 kg,,,,tennis.csv,2025-09-13T21:48:26.842517,M,,,,,,0.45454545454545453,2.2,1,0.6642994772192176,-1.24173034998659
tennis,185.0,85.0,24.835646457268076,TENNIS,Rafael Nadal,185 cm,85 kg,,,,tennis.csv,2025-09-13T21:48:26.842517,M,,,,,,0.4594594594594595,2.176470588235294,1,1.0288101618000731,-0.26809236295119826
tennis,198.0,83.0,21.17130905009693,TENNIS,Daniil Medvedev,198 cm,83 kg,,,,tennis.csv,2025-09-13T21:48:26.842517,M,,,,,,0.41919191919191917,2.3855421686746987,1,-0.5717381383356481,-1.3630843375421569
tennis,193.0,91.0,24.43018604526296,TENNIS,Stefanos Tsitsipas,193 cm,91 kg,,,,tennis.csv,2025-09-13T21:48:26.842517,M,,,,,,0.47150259067357514,2.120879120879121,1,1.3138809220418766,-0.80783034154546
tennis,188.0,79.0,22.351742870076958,TENNIS,Andrey Rublev,188 cm,79 kg,,,,tennis.csv,2025-09-13T21:48:26.842517,M,,,,,,0.42021276595744683,2.3797468354430378,1,-0.40663764207494635,-0.6664128838987676
tennis,185.0,77.0,22.498173849525198,TENNIS,Casper Ruud,185 cm,77 kg,,,,tennis.csv,2025-09-13T21:48:26.842517,M,,,,,,0.41621621621621624,2.4025974025974026,1,-0.5067678437990756,-0.46865564731566656
tennis,188.0,86.0,24.332277048438208,TENNIS,Taylor Fritz,188 cm,86 kg,,,,tennis.csv,2025-09-13T21:48:26.842517,M,,,,,,0.4574468085106383,2.186046511627907,1,0.9087092997217071,-0.5033123223752556
tennis,185.0,85.0,24.835646457268076,TENNIS,Frances Tiafoe,185 cm,85 kg,,,,tennis.csv,2025-09-13T21:48:26.842517,M,,,,,,0.4594594594594595,2.176470588235294,1,1.0288101618000731,-0.26809236295119826
tennis,185.0,85.0,24.835646457268076,TENNIS,Roger Federer,185 cm,85 kg,,,,tennis.csv,2025-09-13T21:48:26.842517,M,,,,,,0.4594594594594595,2.176470588235294,1,1.0288101618000731,-0.26809236295119826
track_field,168.0,60.0,21.258503401360546,SPRINTER,Blessing Okagbare,168 cm,60 kg,,,,track_field.csv,2025-09-13T21:48:26.844513,F,,,,,,0.35714285714285715,2.8,2,-2.4807059017026463,0.5144067730821293
track_field,170.0,60.0,20.761245674740486,SPRINTER,Sha'Carri Richardson,170 cm,60 kg,,,,track_field.csv,2025-09-13T21:48:26.844513,F,,,,,,0.35294117647058826,2.8333333333333335,2,-2.6852718138578573,0.35744577348217343
track_field,166.0,58.0,21.04804761213529,SPRINTER,Marie-Josee Ta Lou,166 cm,58 kg,,,,track_field.csv,2025-09-13T21:48:26.844513,F,,,,,,0.3493975903614458,2.8620689655172415,2,-2.7594599513399647,0.6291724804360914
track_field,152.0,52.0,22.506925207756233,SPRINTER,Shelly-Ann Fraser,152 cm,52 kg,,,,track_field.csv,2025-09-13T21:48:26.844513,F,,,,,,0.34210526315789475,2.923076923076923,2,-2.7719318724784032,1.6364665483416148
track_field,165.0,59.0,21.6712580348944,SPRINTER,Carmelita Jeter,165 cm,59 kg,,,,track_field.csv,2025-09-13T21:48:26.844513,F,,,,,,0.3575757575757576,2.7966101694915255,2,-2.4076645994394617,0.7330045703766246
track_field,178.0,78.85714285714286,23.772820313081258,SPRINTER,Christian Malcolm,178 cm,,,,,track_field.csv,2025-09-13T21:48:26.844513,M,,,,,,0.4318662374378764,2.387949025397685,1,-0.004297813909830597,0.02563766892246128
track_field,167.0,64.0,22.948115744558788,SPRINTER,Dina Asher-Smith,167 cm,64 kg,,,,track_field.csv,2025-09-13T21:48:26.844513,F,,,,,,0.38323353293413176,2.609375,2,-1.4292582188125023,0.701090084779513
track_field,170.0,60.0,20.761245674740486,SPRINTER,Merlene Ottey,170 cm,60 kg,,,,track_field.csv,2025-09-13T21:48:26.844513,F,,,,,,0.35294117647058826,2.8333333333333335,2,-2.6852718138578573,0.35744577348217343
track_field,178.8138528138528,78.85714285714286,23.772820313081258,HURDLER,Luminosa Bogliolo,,,,,,track_field.csv,2025-09-13T21:48:26.844513,F,,,,,,0.4318662374378764,2.387949025397685,1,9.494039707718908e-18,4.6770688194009835e-17
track_field,170.0,64.0,22.145328719723185,HURDLER,Tobi Amusan,170 cm,64 kg,,,,track_field.csv,2025-09-13T21:48:26.844513,F,,,,,,0.3764705882352941,2.65625,2,-1.7502874600611602,0.44781098435256766
track_field,168.0,78.85714285714286,23.772820313081258,SPRINTER,Julien Alfred,168 cm,,,,,track_field.csv,2025-09-13T21:48:26.844513,F,,,,,,0.4318662374378764,2.387949025397685,1,-0.05710605929126045,0.34065370727823857
track_field,183.0,77.0,22.99262444384723,SPRINTER,Reece Prescod,183 cm,77 kg,,,,track_field.csv,2025-09-13T21:48:26.844513,M,,,,,,0.4207650273224044,2.3766233766233764,1,-0.3104984647278911,-0.3050878066445382
track_field,168.0,60.0,21.258503401360546,SPRINTER,Tori Bowie,168 cm,60 kg,,,,track_field.csv,2025-09-13T21:48:26.844513,F,,,,,,0.35714285714285715,2.8,2,-2.4807059017026463,0.5144067730821293
track_field,168.0,63.0,22.321428571428577,SPRINTER,Elaine Thompson-Herah,168 cm,63 kg,,,,track_field.csv,2025-09-13T21:48:26.844513,F,,,,,,0.375,2.6666666666666665,2,-1.7704027574146761,0.5880470630551313
track_field,188.0,86.0,24.332277048438208,SPRINTER,Fred Kerley,188 cm,86 kg,,,,track_field.csv,2025-09-13T21:48:26.844513,M,,,,,,0.4574468085106383,2.186046511627907,1,0.9087092997217071,-0.5033123223752556
track_field,183.0,78.0,23.291229956104985,SPRINTER,Kenny Bednarek,183 cm,78 kg,,,,track_field.csv,2025-09-13T21:48:26.844513,M,,,,,,0.4262295081967213,2.3461538461538463,1,-0.11310995300186866,-0.2806146227685204
track_field,195.0,94.0,24.720578566732414,SPRINTER,Usain Bolt,195 cm,94 kg,,,,track_field.csv,2025-09-13T21:48:26.844513,M,,,,,,0.48205128205128206,2.074468085106383,1,1.6412806512727756,-0.9069639652689319
track_field,180.0,90.0,27.777777777777775,SPRINTER,Yohan Blake,180 cm,90 kg,,,,track_field.csv,2025-09-13T21:48:26.844513,M,,,,,,0.5,2.0,1,2.5176823532800308,0.3595918835967609
track_field,185.0,83.0,24.251278305332356,SPRINTER,Justin Gatlin,185 cm,83 kg,,,,track_field.csv,2025-09-13T21:48:26.844513,M,,,,,,0.4486486486486487,2.2289156626506026,1,0.6509484135565877,-0.32240062643881523
track_field,176.0,73.0,23.56663223140496,SPRINTER,Christian Coleman,176 cm,73 kg,,,,track_field.csv,2025-09-13T21:48:26.844513,M,,,,,,0.4147727272727273,2.410958904109589,1,-0.4089928542608379,0.18285761415614404
track_field,173.0,75.0,25.05930702662969,SPRINTER,Trayvon Bromell,173 cm,75 kg,,,,track_field.csv,2025-09-13T21:48:26.844513,M,,,,,,0.43352601156069365,2.3066666666666666,1,0.33516740218841923,0.5123895354672533
track_field,178.0,83.0,26.19618735008206,SPRINTER,Tyson Gay,178 cm,83 kg,,,,track_field.csv,2025-09-13T21:48:26.844513,M,,,,,,0.46629213483146065,2.144578313253012,1,1.3988709941541018,0.3119805391736403
track_field,176.0,75.0,24.212293388429753,SPRINTER,Andre De Grasse,176 cm,75 kg,,,,track_field.csv,2025-09-13T21:48:26.844513,M,,,,,,0.42613636363636365,2.3466666666666667,1,0.007139488844126159,0.24083930942248277
track_field,175.0,78.85714285714286,23.772820313081258,SPRINTER,Yuki Koike,175 cm,,,,,track_field.csv,2025-09-13T21:48:26.844513,M,,,,,,0.4318662374378764,2.387949025397685,1,-0.02014028752425964,0.12014248042919448
track_field,183.0,78.85714285714286,23.772820313081258,SPRINTER,Letsile Tebogo,183 cm,,,,,track_field.csv,2025-09-13T21:48:26.844513,M,,,,,,0.4318662374378764,2.387949025397685,1,0.022106308780884442,-0.13187035025542737
track_field,180.0,78.85714285714286,23.772820313081258,SPRINTER,Erriyon Knighton,180 cm,,,,,track_field.csv,2025-09-13T21:48:26.844513,M,,,,,,0.4318662374378764,2.387949025397685,1,0.006263835166455379,-0.03736553874869417
track_field,188.0,88.0,24.898143956541425,SPRINTER,Asafa Powell,188 cm,88 kg,,,,track_field.csv,2025-09-13T21:48:26.844513,M,,,,,,0.46808510638297873,2.1363636363636362,1,1.2761672112693854,-0.4509401593924252
track_field,183.0,79.0,23.589835468362743,SPRINTER,Noah Lyles,183 cm,79 kg,,,,track_field.csv,2025-09-13T21:48:26.844513,M,,,,,,0.43169398907103823,2.3164556962025316,1,0.0831398333697253,-0.25535480430012447
track_field,152.0,52.0,22.506925207756233,SPRINTER,Shelly-Ann Fraser-Pryce,152 cm,52 kg,,,,track_field.csv,2025-09-13T21:48:26.844513,F,,,,,,0.34210526315789475,2.923076923076923,2,-2.7719318724784032,1.6364665483416148
volleyball,202.0,91.0,22.30173512400745,VOLLEYBALL,Amir Ghafour,202 cm,91 kg,,,,volleyball.csv,2025-09-13T21:48:26.848336,M,,,,,,0.4504950495049505,2.21978021978022,1,0.4766459286787401,-1.5367314756416286
volleyball,197.0,88.0,22.675152670772242,VOLLEYBALL,Sergey Tetyukhin,197 cm,88 kg,,,,volleyball.csv,2025-09-13T21:48:26.848336,M,,,,,,0.4467005076142132,2.2386363636363638,1,0.40639490792797905,-1.2009291614156263
volleyball,196.0,87.0,22.646813827571847,VOLLEYBALL,Andrea Giani,196 cm,87 kg,,,,volleyball.csv,2025-09-13T21:48:26.848336,M,,,,,,0.44387755102040816,2.2528735632183907,1,0.32124931750452035,-1.1410807877084108
volleyball,188.0,93.0,26.312811226799457,VOLLEYBALL,Karch Kiraly,188 cm,93 kg,,,,volleyball.csv,2025-09-13T21:48:26.848336,M,,,,,,0.4946808510638298,2.021505376344086,1,2.1810109396069,-0.31047594844434284
volleyball,189.0,80.0,22.395789591556788,VOLLEYBALL,Saeid Marouf,189 cm,80 kg,,,,volleyball.csv,2025-09-13T21:48:26.848336,M,,,,,,0.42328042328042326,2.3625,1,-0.31074990581131506,-0.7253416333852023
volleyball,198.0,91.0,23.21191715131109,VOLLEYBALL,Pavel Pankov,198 cm,91 kg,,,,volleyball.csv,2025-09-13T21:48:26.848336,M,,,,,,0.4595959595959596,2.1758241758241756,1,0.8374363977386355,-1.2220177863523398
volleyball,218.0,105.0,22.0940998232472,VOLLEYBALL,Dmitry Muserskiy,218 cm,105 kg,,,,volleyball.csv,2025-09-13T21:48:26.848336,M,,,,,,0.481651376146789,2.0761904761904764,1,1.3645248636770213,-2.5347490945146114
volleyball,186.0,80.0,23.12406058503873,VOLLEYBALL,Yuji Nishida,186 cm,80 kg,,,,volleyball.csv,2025-09-13T21:48:26.848336,M,,,,,,0.43010752688172044,2.325,1,-0.0218685089500807,-0.482004681453512
volleyball,191.0,84.0,23.025684602944,VOLLEYBALL,Yūki Ishikawa,191 cm,84 kg,,,,volleyball.csv,2025-09-13T21:48:26.848336,M,,,,,,0.4397905759162304,2.2738095238095237,1,0.2465491130017419,-0.8015939798286157
volleyball,193.0,90.0,24.161722462347985,VOLLEYBALL,Kunihiro Shimizu,193 cm,90 kg,,,,volleyball.csv,2025-09-13T21:48:26.848336,M,,,,,,0.46632124352331605,2.1444444444444444,1,1.137010751836454,-0.8316018633027824
volleyball,192.0,85.0,23.057725694444446,VOLLEYBALL,Giba,192 cm,85 kg,,,,volleyball.csv,2025-09-13T21:48:26.848336,M,,,,,,0.4427083333333333,2.2588235294117647,1,0.33463558302863594,-0.8612834148617462
volleyball,194.0,88.0,23.381868423849507,VOLLEYBALL,Nikola Grbić,194 cm,88 kg,,,,volleyball.csv,2025-09-13T21:48:26.848336,M,,,,,,0.4536082474226804,2.2045454545454546,1,0.6855342535304585,-0.9597866088261092
volleyball,190.0,92.0,25.48476454293629,VOLLEYBALL,Luciano De Cecco,190 cm,92 kg,,,,volleyball.csv,2025-09-13T21:48:26.848336,M,,,,,,0.4842105263157895,2.0652173913043477,1,1.7929474747025298,-0.520427320774334
volleyball,202.0,95.0,23.28203117341437,VOLLEYBALL,Aleksandar Atanasijević,202 cm,95 kg,,,,volleyball.csv,2025-09-13T21:48:26.848336,M,,,,,,0.47029702970297027,2.126315789473684,1,1.1504771710019606,-1.4648434730581161
volleyball,197.0,89.0,22.932824860212836,VOLLEYBALL,Facundo Conte,197 cm,89 kg,,,,volleyball.csv,2025-09-13T21:48:26.848336,M,,,,,,0.4517766497461929,2.2134831460674156,1,0.5818759034113409,-1.1815470451054433
volleyball,188.0,85.0,24.049343594386603,VOLLEYBALL,Jenia Grebennikov,188 cm,85 kg,,,,volleyball.csv,2025-09-13T21:48:26.848336,M,,,,,,0.4521276595744681,2.211764705882353,1,0.7236860605534696,-0.5286043093544036
volleyball,201.0,85.0,21.03908319101013,VOLLEYBALL,Wilfredo León,201 cm,85 kg,,,,volleyball.csv,2025-09-13T21:48:26.848336,M,,,,, ,0.4228855721393035,2.364705882352941,1,-0.47383773566837795,-1.554931956125803
volleyball,194.0,95.0,25.241789775746625,VOLLEYBALL,Earvin N'Gapeth,194 cm,95 kg,,,,volleyball.csv,2025-09-13T21:48:26.848336,M,,,,,,0.4896907216494845,2.042105263157895,1,1.9132382272761495,-0.7957801151703209
volleyball,202.0,92.0,22.54680913635918,VOLLEYBALL,Ivan Zaytsev,202 cm,92 kg,,,,volleyball.csv,2025-09-13T21:48:26.848336,M,,,,,,0.45544554455445546,2.1956521739130435,1,0.6462285258330497,-1.5195364806401037
volleyball,200.0,85.0,21.25,VOLLEYBALL,Osmany Juantorena,200 cm,85 kg,,,,volleyball.csv,2025-09-13T21:48:26.848336,M,,,,,,0.425,2.3529411764705883,1,-0.38823526722475565,-1.4813137153847267
volleyball,198.0,92.0,23.46699316396286,VOLLEYBALL,Simone Giannelli,198 cm,92 kg,,,,volleyball.csv,2025-09-13T21:48:26.848336,M,,,,,,0.46464646464646464,2.152173913043478,1,1.009797475374018,-1.20176926832974
volleyball,190.0,76.0,21.05263157894737,VOLLEYBALL,Bruno Rezende,190 cm,76 kg,,,,volleyball.csv,2025-09-13T21:48:26.848336,M,,,,,,0.4,2.5,1,-1.1692791345972053,-0.876998182217746
volleyball,202.0,94.0,23.03695716106264,VOLLEYBALL,Maxim Mikhaylov,202 cm,94 kg,,,,volleyball.csv,2025-09-13T21:48:26.848336,M,,,,,,0.46534653465346537,2.148936170212766,1,0.9831202153654369,-1.4835759473133607
volleyball,202.0,86.0,21.076365062248797,VOLLEYBALL,Matthew Anderson,202 cm,86 kg,,,,volleyball.csv,2025-09-13T21:48:26.848336,M,,,,,,0.42574257425742573,2.3488372093023258,1,-0.3836920250559383,-1.6141232487639576
volleyball,198.0,88.0,22.44668911335578,VOLLEYBALL,Micah Christenson,198 cm,88 kg,,,,volleyball.csv,2025-09-13T21:48:26.848336,M,,,,,,0.4444444444444444,2.25,1,0.31559231077136685,-1.279474529400723
volleyball,196.0,80.0,20.824656393169516,VOLLEYBALL,Taylor Sander,196 cm,80 kg,,,,volleyball.csv,2025-09-13T21:48:26.848336,M,,,,,,0.40816326530612246,2.45,1,-0.9445945027365052,-1.2600212701930078
volleyball,206.0,110.0,25.921387501178245,VOLLEYBALL,Tsvetan Sokolov,206 cm,110 kg,,,,volleyball.csv,2025-09-13T21:48:26.848336,M,,,,,,0.5339805825242718,1.8727272727272728,1,3.1923469275422276,-1.4883603573184054
volleyball,201.0,95.0,23.514269448776027,VOLLEYBALL,Yoandy Leal,201 cm,95 kg,,,,volleyball.csv,2025-09-13T21:48:26.848336,M,,,,,,0.472636815920398,2.1157894736842104,1,1.241792920720323,-1.384497500086326
volleyball,209.0,90.0,20.603923902841057,VOLLEYBALL,Egor Kliuka,209 cm,90 kg,,,,volleyball.csv,2025-09-13T21:48:26.848336,M,,,,,,0.430622009569378,2.3222222222222224,1,-0.2813291720866856,-2.0671273738163074
volleyball,198.0,93.0,23.72206917661463,VOLLEYBALL,Wallace de Souza,198 cm,93 kg,,,,volleyball.csv,2025-09-13T21:48:26.848336,M,,,,,,0.4696969696969697,2.129032258064516,1,1.181407737315174,-1.1810020847700284
weightlifting,174.0,81.0,26.7538644470868,WEIGHTLIFTER,Karlos Nasar,174 cm,81 kg,,,,weightlifting.csv,2025-09-13T21:48:26.851338,M,,,,,,0.46551724137931033,2.1481481481481484,1,1.4567503756792917,0.6275158360440436
weightlifting,165.0,69.0,25.344352617079892,WEIGHTLIFTER,Daniyar Ismayilov,165 cm,69 kg,,,,weightlifting.csv,2025-09-13T21:48:26.851338,M,,,,,,0.41818181818181815,2.391304347826087,1,-0.05453783937946425,1.0518458021008084
weightlifting,170.0,73.0,25.25951557093426,WEIGHTLIFTER,Clarence Cummings Jr.,170 cm,73 kg,,,,weightlifting.csv,2025-09-13T21:48:26.851338,M,,,,,,0.4294117647058823,2.328767123287671,1,0.24868288542332043,0.7234904620198436
weightlifting,167.0,77.0,27.60945175517229,WEIGHTLIFTER,Mohamed Ehab,167 cm,77 kg,,,,weightlifting.csv,2025-09-13T21:48:26.851338,M,,,,,,0.46107784431137727,2.168831168831169,1,1.4645568158659532,1.1743839962293896
weightlifting,168.0,67.0,23.738662131519277,WEIGHTLIFTER,Chen Lijun,168 cm,67 kg,,,,weightlifting.csv,2025-09-13T21:48:26.851338,M,,,,,,0.39880952380952384,2.5074626865671643,1,-0.8507508619557607,0.7051752114676872
weightlifting,181.0,110.0,33.576508653582,WEIGHTLIFTER,Yury Zakharevich,181 cm,110 kg,,,,weightlifting.csv,2025-09-13T21:48:26.851338,M,,,,,,0.6077348066298343,1.6454545454545455,0,6.035826390319373,1.0328686666604139
weightlifting,170.0,77.0,26.643598615916957,WEIGHTLIFTER,Georgi Asanidze,170 cm,77 kg,,,,weightlifting.csv,2025-09-13T21:48:26.851338,M,,,,,,0.45294117647058824,2.207792207792208,1,1.100839015690678,0.8710736364666751
weightlifting,181.0,125.0,38.15512346997955,WEIGHTLIFTER,Anatoly Pisarenko,181 cm,125 kg,,,,weightlifting.csv,2025-09-13T21:48:26.851338,M,,,,,,0.6906077348066298,1.448,0,8.647267398923361,1.690268349695195
weightlifting,175.0,85.0,27.755102040816325,WEIGHTLIFTER,Hristo Plachkov,175 cm,85 kg,,,,weightlifting.csv,2025-09-13T21:48:26.851338,M,,,,,,0.4857142857142857,2.0588235294117645,1,2.1387996636699396,0.6774090875693877
weightlifting,170.0,69.0,23.87543252595156,WEIGHTLIFTER,Oleg Chen,170 cm,69 kg,,,,weightlifting.csv,2025-09-13T21:48:26.851338,M,,,,,,0.40588235294117647,2.463768115942029,1,-0.6241787842073748,0.5902107308516469
weightlifting,164.0,69.0,25.654372397382513,WEIGHTLIFTER,Tigran Martirosyan,164 cm,69 kg,,,,weightlifting.csv,2025-09-13T21:48:26.851338,M,,,,,,0.42073170731707316,2.3768115942028984,1,0.06436184894724614,1.1483728265857502
weightlifting,182.0,105.0,31.69907016060862,WEIGHTLIFTER,Andrei Aramnau,182 cm,105 kg,,,,weightlifting.csv,2025-09-13T21:48:26.851338,M,,,,,,0.5769230769230769,1.7333333333333334,0,5.018789346935145,0.7144581785303813
weightlifting,170.0,69.0,23.87543252595156,WEIGHTLIFTER,Valentin Hristov,170 cm,69 kg,,,,weightlifting.csv,2025-09-13T21:48:26.851338,M,,,,,,0.40588235294117647,2.463768115942029,1,-0.6241787842073748,0.5902107308516469
weightlifting,180.0,94.0,29.012345679012345,WEIGHTLIFTER,Kakhi Kakhiashvili,180 cm,94 kg,,,,weightlifting.csv,2025-09-13T21:48:26.851338,M,,,,,,0.5222222222222223,1.9148936170212767,1,3.2665857686833615,0.5053016421219667
weightlifting,168.0,73.0,25.86451247165533,WEIGHTLIFTER,Shi Zhiyong,168 cm,73 kg,,,,weightlifting.csv,2025-09-13T21:48:26.851338,M,,,,,,0.43452380952380953,2.3013698630136985,1,0.480435264534889,0.9142274841916073
weightlifting,170.0,82.0,28.373702422145332,WEIGHTLIFTER,Yurik Vardanyan,170 cm,82 kg,,,,weightlifting.csv,2025-09-13T21:48:26.851338,M,,,,,,0.4823529411764706,2.073170731707317,1,2.141533149666961,1.072477982337776
weightlifting,180.0,110.0,33.95061728395061,WEIGHTLIFTER,Leonid Taranenko,180 cm,110 kg,,,,weightlifting.csv,2025-09-13T21:48:26.851338,M,,,,,,0.6111111111111112,1.6363636363636365,0,6.170828139631858,1.1512602139651362
weightlifting,173.0,85.0,28.40054796351365,WEIGHTLIFTER,Pyrros Dimas,173 cm,85 kg,,,,weightlifting.csv,2025-09-13T21:48:26.851338,M,,,,,,0.4913294797687861,2.0352941176470587,1,2.3798636231081893,0.8824220098400916
weightlifting,180.0,93.0,28.703703703703702,WEIGHTLIFTER,Akakios Kakiasvilis,180 cm,93 kg,,,,weightlifting.csv,2025-09-13T21:48:26.851338,M,,,,,,0.5166666666666667,1.935483870967742,1,3.080373104547563,0.4681742882616673
weightlifting,175.0,85.0,27.755102040816325,WEIGHTLIFTER,Kianoush Rostami,175 cm,85 kg,,,,weightlifting.csv,2025-09-13T21:48:26.851338,M,,,,,,0.4857142857142857,2.0588235294117645,1,2.1387996636699396,0.6774090875693877
weightlifting,150.0,56.0,24.88888888888889,WEIGHTLIFTER,Halil Mutlu,150 cm,56 kg,,,,weightlifting.csv,2025-09-13T21:48:26.851338,M,,,,,,0.37333333333333335,2.6785714285714284,2,-1.421943132766363,1.978193338429175
weightlifting,147.0,62.0,28.691748808366885,WEIGHTLIFTER,Naim Süleymanoğlu,147 cm,62 kg,,,,weightlifting.csv,2025-09-13T21:48:26.851338,M,,,,,,0.4217687074829932,2.370967741935484,1,0.589128917582468,2.6104331006414525
weightlifting,174.0,104.0,34.35064077156824,WEIGHTLIFTER,Ilya Ilyin,174 cm,104 kg,,,,weightlifting.csv,2025-09-13T21:48:26.851338,M,,,,,,0.5977011494252874,1.6730769230769231,0,5.909892444649977,1.607970268533073
weightlifting,172.0,81.0,27.379664683612766,WEIGHTLIFTER,Lü Xiaojun,172 cm,81 kg,,,,weightlifting.csv,2025-09-13T21:48:26.851338,M,,,,,,0.47093023255813954,2.123456790123457,1,1.692632362178205,0.8263059180153202
weightlifting,186.0,152.0,43.935715111573586,WEIGHTLIFTER,Hossein Rezazadeh,186 cm,152 kg,,,,weightlifting.csv,2025-09-13T21:48:26.851338,M,,,,,,0.8172043010752689,1.2236842105263157,0,12.34276919145482,2.2173957690377453
weightlifting,197.0,78.85714285714286,23.772820313081258,WEIGHTLIFTER,Behdad Salimi,197 cm,,,,,weightlifting.csv,2025-09-13T21:48:26.851338,M,,,,,,0.4318662374378764,2.387949025397685,1,0.09603785231488592,-0.5728928039535155
weightlifting,197.0,183.0,47.15401066762864,WEIGHTLIFTER,Lasha Talakhadze,197 cm,183 kg,,,,weightlifting.csv,2025-09-13T21:48:26.851338,M,,,,,,0.9289340101522843,1.0765027322404372,0,15.26514769154855,1.8920662353482418
weightlifting,168.0,82.0,29.053287981859416,WEIGHTLIFTER,Blagoy Blagoev,168 cm,82 kg,,,,weightlifting.csv,2025-09-13T21:48:26.851338,M,,,,,,0.4880952380952381,2.048780487804878,1,2.3937345659549787,1.2854740286725623
weightlifting,185.0,160.0,46.74945215485756,WEIGHTLIFTER,Vasily Alekseyev,185 cm,160 kg,,,,weightlifting.csv,2025-09-13T21:48:26.851338,M,,,,,,0.8648648648648649,1.15625,0,13.801430663754289,2.7336536884925864
weightlifting,160.0,52.0,20.312499999999996,WEIGHTLIFTER,Ivan Ivanov,160 cm,52 kg,,,,weightlifting.csv,2025-09-13T21:48:26.851338,M,,,,,,0.325,3.076923076923077,2,-3.6754333066520917,0.9760098664611921
